time_s,left_target_rpm,left_actual_rpm,left_raw_pwm,left_final_pwm,right_target_rpm,right_actual_rpm,right_raw_pwm,right_final_pwm,sync_error_rpm,sync_correction_pwm,sync_active,startup_active,startup_fault,control_seq_mod65536,control_time_ms_hi16,control_time_ms_lo16,publish_seq_mod65536,publish_time_ms_hi16,publish_time_ms_lo16,battery_voltage_v
0.033282009,0.0,1.401298464324817e-45,0.0,0.0,0.0,1.401298464324817e-45,0.0,0.0,0.0,0.0,0.0,0.0,0.0,15745.0,4.0,55856.0,14829.0,4.0,55868.0,
0.052259815,0.0,1.401298464324817e-45,0.0,0.0,0.0,1.401298464324817e-45,0.0,0.0,0.0,0.0,0.0,0.0,0.0,15746.0,4.0,55876.0,14830.0,4.0,55889.0,
0.064879325,0.0,1.401298464324817e-45,0.0,0.0,0.0,1.401298464324817e-45,0.0,0.0,0.0,0.0,0.0,0.0,0.0,15747.0,4.0,55896.0,14831.0,4.0,55900.0,8.04672908782959
0.481251964,0.0,1.401298464324817e-45,0.0,0.0,0.0,1.401298464324817e-45,0.0,0.0,0.0,0.0,0.0,0.0,0.0,15748.0,4.0,55916.0,14832.0,4.0,55929.0,8.04672908782959
0.481434357,0.0,1.401298464324817e-45,0.0,0.0,0.0,1.401298464324817e-45,0.0,0.0,0.0,0.0,0.0,0.0,0.0,15749.0,4.0,55936.0,14833.0,4.0,55949.0,8.04672908782959
0.481672025,0.0,1.401298464324817e-45,0.0,0.0,0.0,1.401298464324817e-45,0.0,0.0,0.0,0.0,0.0,0.0,0.0,15750.0,4.0,55956.0,14834.0,4.0,55969.0,8.045947074890137
0.481760051,0.0,1.401298464324817e-45,0.0,0.0,0.0,1.401298464324817e-45,0.0,0.0,0.0,0.0,0.0,0.0,0.0,15751.0,4.0,55976.0,14835.0,4.0,55990.0,8.045947074890137
0.481852084,0.0,1.401298464324817e-45,0.0,0.0,0.0,1.401298464324817e-45,0.0,0.0,0.0,0.0,0.0,0.0,0.0,15752.0,4.0,55996.0,14836.0,4.0,56003.0,8.045947074890137
0.481991136,0.0,1.401298464324817e-45,0.0,0.0,0.0,1.401298464324817e-45,0.0,0.0,0.0,0.0,0.0,0.0,0.0,15753.0,4.0,56016.0,14837.0,4.0,56029.0,8.045947074890137
0.482075805,0.0,1.401298464324817e-45,0.0,0.0,0.0,1.401298464324817e-45,0.0,0.0,0.0,0.0,0.0,0.0,0.0,15754.0,4.0,56036.0,14838.0,4.0,56049.0,8.045947074890137
0.482155135,0.0,1.401298464324817e-45,0.0,0.0,0.0,1.401298464324817e-45,0.0,0.0,0.0,0.0,0.0,0.0,0.0,15755.0,4.0,56056.0,14839.0,4.0,56069.0,8.045947074890137
0.482233793,0.0,1.401298464324817e-45,0.0,0.0,0.0,1.401298464324817e-45,0.0,0.0,0.0,0.0,0.0,0.0,0.0,15757.0,4.0,56096.0,14840.0,4.0,56107.0,8.045947074890137
0.4823117,0.0,1.401298464324817e-45,0.0,0.0,0.0,1.401298464324817e-45,0.0,0.0,0.0,0.0,0.0,0.0,0.0,15759.0,4.0,56136.0,14841.0,4.0,56139.0,8.045947074890137
0.482389586,0.0,1.401298464324817e-45,0.0,0.0,0.0,1.401298464324817e-45,0.0,0.0,0.0,0.0,0.0,0.0,0.0,15760.0,4.0,56156.0,14842.0,4.0,56169.0,8.045947074890137
0.482521505,0.0,1.401298464324817e-45,0.0,0.0,0.0,1.401298464324817e-45,0.0,0.0,0.0,0.0,0.0,0.0,0.0,15761.0,4.0,56176.0,14843.0,4.0,56189.0,8.045947074890137
0.482664875,0.0,1.401298464324817e-45,0.0,0.0,0.0,1.401298464324817e-45,0.0,0.0,0.0,0.0,0.0,0.0,0.0,15762.0,4.0,56196.0,14844.0,4.0,56209.0,8.045947074890137
0.482798747,0.0,1.401298464324817e-45,0.0,0.0,0.0,1.401298464324817e-45,0.0,0.0,0.0,0.0,0.0,0.0,0.0,15763.0,4.0,56216.0,14845.0,4.0,56229.0,8.045947074890137
0.482928341,0.0,1.401298464324817e-45,0.0,0.0,0.0,1.401298464324817e-45,0.0,0.0,0.0,0.0,0.0,0.0,0.0,15764.0,4.0,56236.0,14846.0,4.0,56240.0,8.045947074890137
0.483052184,0.0,1.401298464324817e-45,0.0,0.0,0.0,1.401298464324817e-45,0.0,0.0,0.0,0.0,0.0,0.0,0.0,15765.0,4.0,56256.0,14847.0,4.0,56269.0,8.045947074890137
0.483172391,0.0,1.401298464324817e-45,0.0,0.0,0.0,1.401298464324817e-45,0.0,0.0,0.0,0.0,0.0,0.0,0.0,15766.0,4.0,56276.0,14848.0,4.0,56288.0,8.045947074890137
0.483296735,0.0,1.401298464324817e-45,0.0,0.0,0.0,1.401298464324817e-45,0.0,0.0,0.0,0.0,0.0,0.0,0.0,15767.0,4.0,56296.0,14849.0,4.0,56309.0,8.045947074890137
0.492235632,0.0,1.401298464324817e-45,0.0,0.0,0.0,1.401298464324817e-45,0.0,0.0,0.0,0.0,0.0,0.0,0.0,15768.0,4.0,56316.0,14850.0,4.0,56328.0,8.045947074890137
0.503481985,0.0,1.401298464324817e-45,0.0,0.0,0.0,1.401298464324817e-45,0.0,0.0,0.0,0.0,0.0,0.0,0.0,15769.0,4.0,56336.0,14851.0,4.0,56340.0,8.045947074890137
0.53164343,0.0,1.401298464324817e-45,0.0,0.0,0.0,1.401298464324817e-45,0.0,0.0,0.0,0.0,0.0,0.0,0.0,15770.0,4.0,56356.0,14852.0,4.0,56369.0,8.045947074890137
0.548650043,0.0,1.401298464324817e-45,0.0,0.0,0.0,1.401298464324817e-45,0.0,0.0,0.0,0.0,0.0,0.0,0.0,15771.0,4.0,56376.0,14853.0,4.0,56385.0,8.045947074890137
0.572324586,2.0,1.401298464324817e-45,2.4200000762939453,145.0,2.0,1.401298464324817e-45,2.4200000762939453,145.0,0.0,0.0,1.0,1.0,0.0,15772.0,4.0,56396.0,14854.0,4.0,56409.0,8.045947074890137
0.991703314,4.0,0.22435897588729858,4.588525772094727,145.0,4.0,1.401298464324817e-45,4.860000133514404,145.0,-0.22435903549194336,0.0,1.0,1.0,0.0,15773.0,4.0,56416.0,14855.0,4.0,56429.0,8.045947074890137
0.991867523,6.0,0.5945512652397156,6.598349571228027,145.0,6.0,0.44871795177459717,6.7770514488220215,145.0,-0.14583301544189453,0.0,1.0,1.0,0.0,15774.0,4.0,56436.0,14856.0,4.0,56442.0,8.045947074890137
0.992060817,8.0,1.9569711685180664,7.42387580871582,145.0,8.0,1.1891025304794312,8.356698989868164,145.0,-0.7678685188293457,-0.06696712970733643,1.0,1.0,0.0,15775.0,4.0,56456.0,14857.0,4.0,56469.0,8.045947074890137
0.992194198,10.0,3.291262149810791,8.289813995361328,144.0,10.0,2.119070529937744,9.719547271728516,145.0,-1.1721916198730469,-0.16804790496826172,1.0,1.0,0.0,15776.0,4.0,56476.0,14858.0,4.0,56486.0,8.029526710510254
0.992278247,12.0,4.83162784576416,8.91305923461914,144.0,12.0,3.620985507965088,10.401040077209473,146.0,-1.2106428146362305,-0.17766070365905762,1.0,1.0,0.0,15777.0,4.0,56496.0,14859.0,4.0,56509.0,8.029526710510254
0.992364389,14.0,6.5059428215026855,9.378822326660156,144.0,14.0,4.821589469909668,11.452098846435547,147.0,-1.6843533515930176,-0.2960883378982544,1.0,1.0,0.0,15778.0,4.0,56516.0,14860.0,4.0,56529.0,8.029526710510254
0.992447876,14.691225051879883,7.594247817993164,8.973296165466309,144.0,14.691225051879883,6.050699710845947,10.89304256439209,147.0,-1.543548583984375,-0.26088714599609375,1.0,1.0,0.0,15779.0,4.0,56536.0,14861.0,4.0,56542.0,8.029526710510254
0.992527686,14.691225051879883,8.974721908569336,7.373892307281494,143.0,14.691225051879883,7.74705696105957,8.926855087280273,147.0,-1.2276649475097656,-0.1819162368774414,1.0,1.0,0.0,15780.0,4.0,56556.0,14862.0,4.0,56569.0,8.029526710510254
0.992606335,14.691225051879883,10.320748329162598,5.802365303039551,142.0,14.691225051879883,9.298406600952148,7.119163513183594,147.0,-1.0223417282104492,-0.1305854320526123,1.0,1.0,0.0,15781.0,4.0,56576.0,14863.0,4.0,56586.0,8.029526710510254
0.992729787,14.691225051879883,11.19566535949707,4.787420272827148,141.0,14.691225051879883,10.531143188476562,5.681480407714844,146.0,-0.6645221710205078,-0.04113054275512695,1.0,1.0,0.0,15782.0,4.0,56596.0,14864.0,4.0,56609.0,8.029526710510254
0.992812673,14.691225051879883,12.213079452514648,3.5913047790527344,139.0,14.691225051879883,11.781140327453613,4.21058464050293,146.0,-0.43193912506103516,0.0,1.0,1.0,0.0,15783.0,4.0,56616.0,14865.0,4.0,56629.0,8.029526710510254
0.992901881,14.691225051879883,13.09875774383545,2.5444154739379883,138.0,14.691225051879883,12.817996978759766,2.98508882522583,145.0,-0.2807607650756836,0.0,1.0,1.0,0.0,15784.0,4.0,56636.0,14866.0,4.0,56642.0,8.029526710510254
0.992982463,14.691225051879883,13.67444896697998,1.8637537956237793,137.0,14.691225051879883,13.716312408447266,1.9168593883514404,144.0,0.041863441467285156,0.0,1.0,1.0,0.0,15785.0,4.0,56656.0,14867.0,4.0,56669.0,8.029526710510254
0.993062013,14.691225051879883,14.0486478805542,1.4211409091949463,136.0,14.691225051879883,14.524576187133789,0.9486092925071716,144.0,0.47592830657958984,0.0,1.0,1.0,0.0,15786.0,4.0,56676.0,14868.0,4.0,56686.0,8.029526710510254
0.993145801,14.691225051879883,14.5162353515625,0.8617857694625854,134.0,14.691225051879883,15.274307250976562,0.04310113191604614,143.0,0.7580718994140625,0.06451797485351562,1.0,1.0,0.0,15787.0,4.0,56696.0,14869.0,4.0,56709.0,8.029526710510254
0.993273491,14.691225051879883,14.595808982849121,0.7672515511512756,133.0,14.691225051879883,15.761632919311523,-0.5523937940597534,142.0,1.1658239364624023,0.16645598411560059,1.0,1.0,0.0,15788.0,4.0,56716.0,14870.0,4.0,56729.0,8.029526710510254
0.993354103,14.691225051879883,14.871891021728516,0.4341464340686798,132.0,14.691225051879883,16.078393936157227,-0.9463787078857422,141.0,1.206502914428711,0.17662572860717773,1.0,1.0,0.0,15789.0,4.0,56736.0,14871.0,4.0,56743.0,8.029526710510254
0.993444273,14.691225051879883,15.05134391784668,0.2152017503976822,131.0,14.691225051879883,16.28428840637207,-1.2093827724456787,141.0,1.2329444885253906,0.18323612213134766,1.0,0.0,0.0,15790.0,4.0,56756.0,14872.0,4.0,56769.0,8.029526710510254
0.993525997,14.691225051879883,15.167987823486328,0.07046143710613251,131.0,14.691225051879883,16.418121337890625,-1.3872512578964233,141.0,1.2501335144042969,0.1950347125530243,1.0,0.0,0.0,15791.0,4.0,56776.0,14873.0,4.0,56785.0,8.029526710510254
0.993606158,14.691225051879883,15.243806838989258,-0.026047207415103912,131.0,14.691225051879883,16.72947120666504,-1.7812535762786865,140.0,1.4856643676757812,0.2637740671634674,1.0,0.0,0.0,15792.0,4.0,56796.0,14874.0,4.0,56809.0,8.029526710510254
0.993802918,14.691225051879883,15.293088912963867,-0.09120433777570724,131.0,14.691225051879883,16.707489013671875,-1.7750375270843506,140.0,1.4144001007080078,0.2551020085811615,1.0,0.0,0.0,15793.0,4.0,56816.0,14875.0,4.0,56828.0,8.029526710510254
1.004258312,14.691225051879883,15.325122833251953,-0.13598401844501495,131.0,14.691225051879883,16.917558670043945,-2.049384593963623,140.0,1.5924358367919922,0.3105353116989136,1.0,0.0,0.0,15794.0,4.0,56837.0,14876.0,4.0,56841.0,8.029526710510254
1.031398522,14.691225051879883,15.345945358276367,-0.1675182580947876,131.0,14.691225051879883,16.82974624633789,-1.9653948545455933,140.0,1.4838008880615234,0.2932145595550537,1.0,0.0,0.0,15795.0,4.0,56856.0,14877.0,4.0,56869.0,8.029526710510254
1.049784784,14.691225051879883,15.359479904174805,-0.1904422640800476,131.0,14.691225051879883,16.997026443481445,-2.1891891956329346,140.0,1.6375465393066406,0.34302645921707153,1.0,0.0,0.0,15796.0,4.0,56876.0,14878.0,4.0,56885.0,8.029526710510254
1.070633604,14.691225051879883,15.14391803741455,0.06370505690574646,131.0,14.691225051879883,17.105758666992188,-2.343813180923462,139.0,1.9618406295776367,0.43871837854385376,1.0,0.0,0.0,15797.0,4.0,56896.0,14879.0,4.0,56909.0,8.029526710510254
1.497080024,14.691225051879883,15.228160858154297,-0.042755693197250366,131.0,14.691225051879883,16.952075958251953,-2.182002544403076,140.0,1.7239151000976562,0.3914761543273926,1.0,0.0,0.0,15798.0,4.0,56916.0,14880.0,4.0,56929.0,8.029526710510254
1.497405226,14.691225051879883,15.058560371398926,0.15709154307842255,131.0,14.691225051879883,16.852182388305664,-2.083739757537842,140.0,1.7936220169067383,0.4218390882015228,1.0,0.0,0.0,15799.0,4.0,56936.0,14881.0,4.0,56943.0,8.029526710510254
1.49750821,14.691225051879883,15.172679901123047,0.015333548188209534,131.0,14.691225051879883,17.01161003112793,-2.2982568740844727,139.0,1.8389301300048828,0.4465554356575012,1.0,0.0,0.0,15800.0,4.0,56956.0,14882.0,4.0,56969.0,8.029526710510254
1.497649987,14.691225051879883,15.02249813079834,0.1922389417886734,131.0,14.691225051879883,16.890878677368164,-2.1753756999969482,139.0,1.8683805465698242,0.46760183572769165,1.0,0.0,0.0,15801.0,4.0,56976.0,14883.0,4.0,56987.0,8.032459259033203
1.497737362,14.691225051879883,15.149238586425781,0.03557024896144867,131.0,14.691225051879883,17.036762237548828,-2.3738913536071777,139.0,1.8875236511230469,0.48626285791397095,1.0,0.0,0.0,15802.0,4.0,56996.0,14884.0,4.0,57009.0,8.032459259033203
1.497829866,14.691225051879883,15.007261276245117,0.20278267562389374,131.0,14.691225051879883,16.907228469848633,-2.2406108379364014,139.0,1.8999671936035156,0.503373384475708,1.0,0.0,0.0,15803.0,4.0,57016.0,14885.0,4.0,57029.0,8.032459259033203
1.497920657,14.691225051879883,15.139335632324219,0.03981234133243561,131.0,14.691225051879883,16.59867286682129,-1.889418601989746,140.0,1.4593372344970703,0.4028092622756958,1.0,0.0,0.0,15804.0,4.0,57036.0,14886.0,4.0,57042.0,8.032459259033203
1.498002792,14.691225051879883,15.225183486938477,-0.0685446709394455,131.0,14.691225051879883,16.62247085571289,-1.9372886419296265,140.0,1.397287368774414,0.39626967906951904,1.0,0.0,0.0,15805.0,4.0,57056.0,14887.0,4.0,57069.0,8.032459259033203
1.498140972,14.691225051879883,15.056625366210938,0.13007107377052307,131.0,14.691225051879883,16.637939453125,-1.9753180742263794,140.0,1.5813140869140625,0.45308950543403625,1.0,0.0,0.0,15806.0,4.0,57076.0,14888.0,4.0,57086.0,8.032459259033203
1.498221624,14.691225051879883,14.947062492370605,0.2589881420135498,132.0,14.691225051879883,16.647993087768555,-2.0069501399993896,140.0,1.7009305953979492,0.4950029253959656,1.0,0.0,0.0,15807.0,4.0,57096.0,14889.0,4.0,57109.0,8.032459259033203
1.498301334,14.691225051879883,15.10020637512207,0.07112565636634827,131.0,14.691225051879883,16.65452766418457,-2.0344245433807373,140.0,1.5543212890625,0.468893826007843,1.0,0.0,0.0,15808.0,4.0,57116.0,14890.0,4.0,57129.0,8.032459259033203
1.498381705,14.691225051879883,14.975390434265137,0.2180631458759308,131.0,14.691225051879883,16.658775329589844,-2.059197187423706,140.0,1.683384895324707,0.512993574142456,1.0,0.0,0.0,15809.0,4.0,57136.0,14891.0,4.0,57142.0,8.032459259033203
1.498461055,14.691225051879883,14.987358093261719,0.19646668434143066,132.0,14.691225051879883,16.887691497802734,-2.3755645751953125,139.0,1.9003334045410156,0.5916632413864136,1.0,0.0,0.0,15811.0,4.0,57176.0,14892.0,4.0,57179.0,8.032459259033203
1.498585539,14.691225051879883,15.126398086547852,0.025266945362091064,131.0,14.691225051879883,16.810333251953125,-2.3039257526397705,139.0,1.6839351654052734,0.5494030117988586,1.0,0.0,0.0,15812.0,4.0,57196.0,14893.0,4.0,57209.0,8.032459259033203
1.498668095,14.691225051879883,14.992414474487305,0.18303538858890533,132.0,14.691225051879883,16.76004981994629,-2.2642738819122314,139.0,1.7676353454589844,0.5830044150352478,1.0,0.0,0.0,15813.0,4.0,57216.0,14894.0,4.0,57229.0,8.032459259033203
1.498748867,14.691225051879883,14.905325889587402,0.2854006886482239,132.0,14.691225051879883,16.503005981445312,-1.973939061164856,140.0,1.5976800918579102,0.5514923930168152,1.0,0.0,0.0,15814.0,4.0,57236.0,14895.0,4.0,57239.0,8.032459259033203
1.498834649,14.691225051879883,15.073076248168945,0.08028173446655273,131.0,14.691225051879883,16.335927963256836,-1.7898924350738525,140.0,1.2628517150878906,0.47541382908821106,1.0,0.0,0.0,15815.0,4.0,57256.0,14896.0,4.0,57269.0,8.032459259033203
1.498919368,14.691225051879883,14.957756042480469,0.21600067615509033,132.0,14.691225051879883,16.45168685913086,-1.9464077949523926,140.0,1.4939308166503906,0.5431228876113892,1.0,0.0,0.0,15816.0,4.0,57276.0,14897.0,4.0,57289.0,8.032459259033203
1.498999479,14.691225051879883,14.882797241210938,0.3040355145931244,132.0,14.691225051879883,16.302570343017578,-1.7835814952850342,140.0,1.4197731018066406,0.5337812304496765,1.0,0.0,0.0,15817.0,4.0,57296.0,14898.0,4.0,57309.0,8.032459259033203
1.49907947,14.691225051879883,15.058433532714844,0.08959987759590149,131.0,14.691225051879883,16.205644607543945,-1.6824147701263428,140.0,1.1472110748291016,0.47211283445358276,1.0,0.0,0.0,15818.0,4.0,57316.0,14899.0,4.0,57329.0,8.032459259033203
1.502457853,14.691225051879883,15.172595977783203,-0.052208781242370605,131.0,14.691225051879883,16.367002487182617,-1.8928020000457764,140.0,1.194406509399414,0.49085575342178345,1.0,0.0,0.0,15819.0,4.0,57336.0,14900.0,4.0,57339.0,8.032459259033203
1.531430565,14.691225051879883,15.022443771362305,0.12466168403625488,131.0,14.691225051879883,16.24752426147461,-1.7649911642074585,140.0,1.2250804901123047,0.5057750940322876,1.0,0.0,0.0,15820.0,4.0,57356.0,14901.0,4.0,57369.0,8.032459259033203
1.547507076,14.691225051879883,14.924844741821289,0.2394443303346634,132.0,14.691225051879883,16.169864654541016,-1.6865860223770142,140.0,1.2450199127197266,0.5182101130485535,1.0,0.0,0.0,15821.0,4.0,57376.0,14902.0,4.0,57385.0,8.032459259033203
1.575924673,14.691225051879883,15.085763931274414,0.042395904660224915,131.0,14.691225051879883,16.3437442779541,-1.911766767501831,140.0,1.2579803466796875,0.5290300250053406,1.0,0.0,0.0,15822.0,4.0,57396.0,14903.0,4.0,57409.0,8.032459259033203
1.593505657,14.691225051879883,14.966002464294434,0.18336190283298492,131.0,14.691225051879883,16.232406616210938,-1.7935733795166016,140.0,1.266404151916504,0.5388000011444092,1.0,0.0,0.0,15823.0,4.0,57416.0,14904.0,4.0,57429.0,8.032459259033203
2.007359244,14.691225051879883,14.888157844543457,0.27480611205101013,132.0,14.691225051879883,16.160037994384766,-1.721419095993042,140.0,1.2718801498413086,0.5478878021240234,1.0,0.0,0.0,15824.0,4.0,57436.0,14905.0,4.0,57449.0,8.032459259033203
2.00751599,14.691225051879883,15.061918258666992,0.06258668005466461,131.0,14.691225051879883,16.337358474731445,-1.95066499710083,140.0,1.2754402160644531,0.5565322637557983,1.0,0.0,0.0,15825.0,4.0,57456.0,14906.0,4.0,57461.0,8.032459259033203
2.007716147,14.691225051879883,14.9505033493042,0.19369179010391235,132.0,14.691225051879883,16.45261573791504,-2.1065876483917236,139.0,1.5021123886108398,0.6232213973999023,1.0,0.0,0.0,15826.0,4.0,57476.0,14907.0,4.0,57485.0,8.032459259033203
2.007855469,14.691225051879883,14.878083229064941,0.27872735261917114,132.0,14.691225051879883,16.303173065185547,-1.9433759450912476,140.0,1.4250898361206055,0.6132166981697083,1.0,0.0,0.0,15827.0,4.0,57496.0,14908.0,4.0,57509.0,8.03167724609375
2.007945499,14.691225051879883,15.055368423461914,0.06234368681907654,131.0,14.691225051879883,16.430395126342773,-2.113434076309204,139.0,1.3750267028808594,0.609451174736023,1.0,0.0,0.0,15828.0,4.0,57516.0,14909.0,4.0,57529.0,8.03167724609375
2.008038394,14.691225051879883,14.946245193481445,0.1907413750886917,132.0,14.691225051879883,16.28873062133789,-1.9594117403030396,140.0,1.3424854278564453,0.6097407341003418,1.0,0.0,0.0,15829.0,4.0,57536.0,14910.0,4.0,57549.0,8.03167724609375
2.008123424,14.691225051879883,15.099674224853516,0.0025420337915420532,131.0,14.691225051879883,16.42100715637207,-2.135441303253174,139.0,1.3213329315185547,0.6126658916473389,1.0,0.0,0.0,15830.0,4.0,57556.0,14911.0,4.0,57561.0,8.03167724609375
2.008210247,14.691225051879883,14.975044250488281,0.14925982058048248,132.0,14.691225051879883,16.506988525390625,-2.2567765712738037,139.0,1.5319442749023438,0.6756381988525391,1.0,0.0,0.0,15831.0,4.0,57576.0,14912.0,4.0,57585.0,8.03167724609375
2.008342617,14.691225051879883,15.118392944335938,-0.027030304074287415,131.0,14.691225051879883,16.338516235351562,-2.071082830429077,139.0,1.220123291015625,0.604884147644043,1.0,0.0,0.0,15832.0,4.0,57596.0,14913.0,4.0,57609.0,8.03167724609375
2.00842415,14.691225051879883,14.987211227416992,0.12742790579795837,132.0,14.691225051879883,16.453369140625,-2.226527690887451,139.0,1.4661579132080078,0.6760544180870056,1.0,0.0,0.0,15833.0,4.0,57616.0,14914.0,4.0,57629.0,8.03167724609375
2.008504131,14.691225051879883,14.90194320678711,0.22764235734939575,132.0,14.691225051879883,16.30366325378418,-2.063004970550537,139.0,1.4017200469970703,0.6689621210098267,1.0,0.0,0.0,15834.0,4.0,57636.0,14915.0,4.0,57639.0,8.03167724609375
2.008582408,14.691225051879883,15.070878982543945,0.02112288773059845,131.0,14.691225051879883,16.430713653564453,-2.2328603267669678,139.0,1.3598346710205078,0.6670891642570496,1.0,0.0,0.0,15835.0,4.0,57656.0,14916.0,4.0,57669.0,8.03167724609375
2.008659824,14.691225051879883,14.956327438354492,0.15593372285366058,132.0,14.691225051879883,16.288936614990234,-2.078705072402954,139.0,1.3326091766357422,0.6686089038848877,1.0,0.0,0.0,15836.0,4.0,57676.0,14917.0,4.0,57685.0,8.03167724609375
2.020145478,14.691225051879883,15.138813018798828,-0.09642398357391357,131.0,14.691225051879883,16.10370635986328,-1.9927865266799927,139.0,0.9648933410644531,0.6346626877784729,1.0,0.0,0.0,15845.0,4.0,57856.0,14918.0,4.0,57857.0,8.03167724609375
2.027411484,14.691225051879883,15.138813018798828,-0.09642398357391357,131.0,14.691225051879883,16.10370635986328,-1.9927865266799927,139.0,0.9648933410644531,0.6346626877784729,1.0,0.0,0.0,15845.0,4.0,57856.0,14919.0,4.0,57864.0,8.03167724609375
2.048782567,14.691225051879883,15.000484466552734,0.0664777010679245,131.0,14.691225051879883,16.076383590698242,-1.9738508462905884,139.0,1.0758991241455078,0.6681731343269348,1.0,0.0,0.0,15846.0,4.0,57876.0,14920.0,4.0,57885.0,8.03167724609375
2.071868742,0.0,15.134929656982422,0.0,0.0,0.0,16.058622360229492,0.0,0.0,0.0,0.0,0.0,0.0,0.0,15847.0,4.0,57896.0,14921.0,4.0,57909.0,8.03167724609375
2.093990269,0.0,14.54924201965332,0.0,0.0,0.0,15.598360061645508,0.0,0.0,0.0,0.0,0.0,0.0,0.0,15848.0,4.0,57916.0,14922.0,4.0,57929.0,8.03167724609375
2.103057898,0.0,12.59803295135498,0.0,0.0,0.0,13.504319190979004,0.0,0.0,0.0,0.0,0.0,0.0,0.0,15849.0,4.0,57936.0,14923.0,4.0,57940.0,8.03167724609375
2.392906414,0.0,10.207951545715332,0.0,0.0,0.0,11.245756149291992,0.0,0.0,0.0,0.0,0.0,0.0,0.0,15850.0,4.0,57956.0,14924.0,4.0,57969.0,8.03167724609375
2.393034345,0.0,7.981321811676025,0.0,0.0,0.0,8.655895233154297,0.0,0.0,0.0,0.0,0.0,0.0,0.0,15851.0,4.0,57976.0,14925.0,4.0,57991.0,8.03167724609375
2.393210356,0.0,5.860936164855957,0.0,0.0,0.0,6.299408912658691,0.0,0.0,0.0,0.0,0.0,0.0,0.0,15852.0,4.0,57996.0,14926.0,4.0,58004.0,8.048293113708496
2.393287512,0.0,4.0339674949646,0.0,0.0,0.0,4.318974494934082,0.0,0.0,0.0,0.0,0.0,0.0,0.0,15853.0,4.0,58016.0,14927.0,4.0,58029.0,8.048293113708496
2.393360128,0.0,2.6220786571502686,0.0,0.0,0.0,2.80733323097229,0.0,0.0,0.0,0.0,0.0,0.0,0.0,15854.0,4.0,58036.0,14928.0,4.0,58049.0,8.048293113708496
2.393475846,0.0,1.7043510675430298,0.0,0.0,0.0,1.8247665166854858,0.0,0.0,0.0,0.0,0.0,0.0,0.0,15855.0,4.0,58056.0,14929.0,4.0,58069.0,8.048293113708496
2.393550717,0.0,1.107828140258789,0.0,0.0,0.0,1.1860982179641724,0.0,0.0,0.0,0.0,0.0,0.0,0.0,15856.0,4.0,58076.0,14930.0,4.0,58086.0,8.048293113708496
2.393626119,0.0,0.7200882434844971,0.0,0.0,0.0,0.7709637880325317,0.0,0.0,0.0,0.0,0.0,0.0,0.0,15857.0,4.0,58096.0,14931.0,4.0,58109.0,8.048293113708496
2.393698967,0.0,0.4680573344230652,0.0,0.0,0.0,0.5011264681816101,0.0,0.0,0.0,0.0,0.0,0.0,0.0,15858.0,4.0,58116.0,14932.0,4.0,58128.0,8.048293113708496
2.393770662,0.0,0.3042372465133667,0.0,0.0,0.0,0.32573220133781433,0.0,0.0,0.0,0.0,0.0,0.0,0.0,15859.0,4.0,58136.0,14933.0,4.0,58141.0,8.048293113708496
2.393848208,0.0,0.19775420427322388,0.0,0.0,0.0,0.21172592043876648,0.0,0.0,0.0,0.0,0.0,0.0,0.0,15860.0,4.0,58156.0,14934.0,4.0,58169.0,8.048293113708496
2.393959968,0.0,0.12854023277759552,0.0,0.0,0.0,0.13762184977531433,0.0,0.0,0.0,0.0,0.0,0.0,0.0,15861.0,4.0,58176.0,14935.0,4.0,58185.0,8.048293113708496
2.394031112,0.0,0.08355114609003067,0.0,0.0,0.0,0.08945419639348984,0.0,0.0,0.0,0.0,0.0,0.0,0.0,15862.0,4.0,58196.0,14936.0,4.0,58209.0,8.048293113708496
2.396599079,0.0,0.054308243095874786,0.0,0.0,0.0,0.058145225048065186,0.0,0.0,0.0,0.0,0.0,0.0,0.0,15863.0,4.0,58216.0,14937.0,4.0,58229.0,8.048293113708496
2.403500859,0.0,0.0353003554046154,0.0,0.0,0.0,0.03779439628124237,0.0,0.0,0.0,0.0,0.0,0.0,0.0,15864.0,4.0,58236.0,14938.0,4.0,58241.0,8.048293113708496
2.432402868,0.0,0.022945230826735497,0.0,0.0,0.0,0.02456635609269142,0.0,0.0,0.0,0.0,0.0,0.0,0.0,15865.0,4.0,58256.0,14939.0,4.0,58269.0,8.048293113708496
2.448967298,0.0,0.014914399944245815,0.0,0.0,0.0,0.01596813090145588,0.0,0.0,0.0,0.0,0.0,0.0,0.0,15866.0,4.0,58276.0,14940.0,4.0,58285.0,8.048293113708496
2.472047661,0.0,0.009694359265267849,0.0,0.0,0.0,0.010379284620285034,0.0,0.0,0.0,0.0,0.0,0.0,0.0,15867.0,4.0,58296.0,14941.0,4.0,58309.0,8.048293113708496
2.491923187,0.0,0.006301333196461201,0.0,0.0,0.0,0.0067465347237885,0.0,0.0,0.0,0.0,0.0,0.0,0.0,15868.0,4.0,58316.0,14942.0,4.0,58329.0,8.048293113708496
2.503646158,0.0,0.004095866344869137,0.0,0.0,0.0,0.004385247360914946,0.0,0.0,0.0,0.0,0.0,0.0,0.0,15869.0,4.0,58336.0,14943.0,4.0,58341.0,8.048293113708496
2.531802372,0.0,0.002662312937900424,0.0,0.0,0.0,0.0028504107613116503,0.0,0.0,0.0,0.0,0.0,0.0,0.0,15870.0,4.0,58356.0,14944.0,4.0,58369.0,8.048293113708496
2.548146597,0.0,0.0017305033979937434,0.0,0.0,0.0,0.0018527669599279761,0.0,0.0,0.0,0.0,0.0,0.0,0.0,15871.0,4.0,58376.0,14945.0,4.0,58384.0,8.048293113708496
2.571673882,0.0,0.001124827191233635,0.0,0.0,0.0,0.0012042984599247575,0.0,0.0,0.0,0.0,0.0,0.0,0.0,15872.0,4.0,58396.0,14946.0,4.0,58409.0,8.048293113708496
2.591478365,0.0,0.0007311376393772662,0.0,0.0,0.0,0.0007827939698472619,0.0,0.0,0.0,0.0,0.0,0.0,0.0,15873.0,4.0,58416.0,14947.0,4.0,58429.0,8.048293113708496
2.611545753,0.0,0.0004752394452225417,0.0,0.0,0.0,0.0005088160396553576,0.0,0.0,0.0,0.0,0.0,0.0,0.0,15874.0,4.0,58436.0,14948.0,4.0,58449.0,8.048293113708496
2.64892563,0.0,0.0003089056408498436,0.0,0.0,0.0,0.00033073039958253503,0.0,0.0,0.0,0.0,0.0,0.0,0.0,15875.0,4.0,58456.0,14949.0,4.0,58469.0,8.048293113708496
2.673897566,0.0,0.00020078866509720683,0.0,0.0,0.0,0.00021497474517673254,0.0,0.0,0.0,0.0,0.0,0.0,0.0,15876.0,4.0,58476.0,14950.0,4.0,58490.0,8.048293113708496
2.674389984,0.0,0.00013051262067165226,0.0,0.0,0.0,0.00013973357272334397,0.0,0.0,0.0,0.0,0.0,0.0,0.0,15877.0,4.0,58496.0,14951.0,4.0,58504.0,8.046142578125
2.691421173,0.0,8.483319834340364e-05,0.0,0.0,0.0,9.082681935979053e-05,0.0,0.0,0.0,0.0,0.0,0.0,0.0,15878.0,4.0,58516.0,14952.0,4.0,58529.0,8.046142578125
2.704776809,0.0,5.514157601282932e-05,0.0,0.0,0.0,5.903742930968292e-05,0.0,0.0,0.0,0.0,0.0,0.0,0.0,15879.0,4.0,58536.0,14953.0,4.0,58539.0,8.046142578125
2.737940775,0.0,3.584202204365283e-05,0.0,0.0,0.0,3.8374328141799197e-05,0.0,0.0,0.0,0.0,0.0,0.0,0.0,15880.0,4.0,58556.0,14954.0,4.0,58569.0,8.046142578125
2.748470919,0.0,2.329731432837434e-05,0.0,0.0,0.0,2.4943312382674776e-05,0.0,0.0,0.0,0.0,0.0,0.0,0.0,15881.0,4.0,58576.0,14955.0,4.0,58585.0,8.046142578125
2.77199124,0.0,1.5143254131544381e-05,0.0,0.0,0.0,1.6213152775890194e-05,0.0,0.0,0.0,0.0,0.0,0.0,0.0,15882.0,4.0,58596.0,14956.0,4.0,58609.0,8.046142578125
2.798419018,0.0,9.843114639807027e-06,0.0,0.0,0.0,1.0538548849581275e-05,0.0,0.0,0.0,0.0,0.0,0.0,0.0,15883.0,4.0,58616.0,14957.0,4.0,58629.0,8.046142578125
2.904045901,0.0,6.398024197551422e-06,0.0,0.0,0.0,6.850056706753094e-06,0.0,0.0,0.0,0.0,0.0,0.0,0.0,15884.0,4.0,58636.0,14958.0,4.0,58646.0,8.046142578125
2.904155838,0.0,4.158715455560014e-06,0.0,0.0,0.0,4.452536813914776e-06,0.0,0.0,0.0,0.0,0.0,0.0,0.0,15885.0,4.0,58656.0,14959.0,4.0,58669.0,8.046142578125
2.904235709,0.0,2.7031649096898036e-06,0.0,0.0,0.0,2.894148792620399e-06,0.0,0.0,0.0,0.0,0.0,0.0,0.0,15886.0,4.0,58676.0,14960.0,4.0,58689.0,8.046142578125
2.904405068,0.0,1.7570571344549535e-06,0.0,0.0,0.0,1.881196681097208e-06,0.0,0.0,0.0,0.0,0.0,0.0,0.0,15887.0,4.0,58696.0,14961.0,4.0,58702.0,8.046142578125
2.904485359,0.0,1.1420870578149334e-06,0.0,0.0,0.0,1.2227777688167407e-06,0.0,0.0,0.0,0.0,0.0,0.0,0.0,15888.0,4.0,58716.0,14962.0,4.0,58729.0,8.046142578125
2.912002658,0.0,7.423565762110229e-07,0.0,0.0,0.0,7.948055440465396e-07,0.0,0.0,0.0,0.0,0.0,0.0,0.0,15889.0,4.0,58736.0,14963.0,4.0,58749.0,8.046142578125
2.932148013,0.0,4.825317319046007e-07,0.0,0.0,0.0,5.166235723663704e-07,0.0,0.0,0.0,0.0,0.0,0.0,0.0,15890.0,4.0,58756.0,14964.0,4.0,58769.0,8.046142578125
2.948350341,0.0,3.136456143693067e-07,0.0,0.0,0.0,3.3580531066945696e-07,0.0,0.0,0.0,0.0,0.0,0.0,0.0,15891.0,4.0,58776.0,14965.0,4.0,58785.0,8.046142578125
2.971961243,0.0,2.0386964649787842e-07,0.0,0.0,0.0,2.1827344198754872e-07,0.0,0.0,0.0,0.0,0.0,0.0,0.0,15892.0,4.0,58796.0,14966.0,4.0,58809.0,8.046142578125
2.991901181,0.0,1.3251526809199277e-07,0.0,0.0,0.0,1.4187773444973573e-07,0.0,0.0,0.0,0.0,0.0,0.0,0.0,15893.0,4.0,58816.0,14967.0,4.0,58829.0,8.046142578125
3.112931777,0.0,8.613491786491068e-08,0.0,0.0,0.0,9.222052455015728e-08,0.0,0.0,0.0,0.0,0.0,0.0,0.0,15894.0,4.0,58836.0,14968.0,4.0,58839.0,8.046142578125
3.113210633,0.0,5.598769448056373e-08,0.0,0.0,0.0,5.994333918124539e-08,0.0,0.0,0.0,0.0,0.0,0.0,0.0,15895.0,4.0,58856.0,14969.0,4.0,58869.0,8.046142578125
3.113391724,0.0,3.639199874783117e-08,0.0,0.0,0.0,3.8963168691452665e-08,0.0,0.0,0.0,0.0,0.0,0.0,0.0,15896.0,4.0,58876.0,14970.0,4.0,58889.0,8.046142578125
3.11348009,0.0,2.3654799008454575e-08,0.0,0.0,0.0,2.532605947180855e-08,0.0,0.0,0.0,0.0,0.0,0.0,0.0,15897.0,4.0,58896.0,14971.0,4.0,58900.0,8.046142578125
3.113553749,0.0,1.5375619000224106e-08,0.0,0.0,0.0,1.6461937590861453e-08,0.0,0.0,0.0,0.0,0.0,0.0,0.0,15898.0,4.0,58916.0,14972.0,4.0,58929.0,8.046142578125
3.119816184,0.0,9.994152172509985e-09,0.0,0.0,0.0,1.0700259345242102e-08,0.0,0.0,0.0,0.0,0.0,0.0,0.0,15899.0,4.0,58936.0,14973.0,4.0,58948.0,8.046142578125
3.125875758,0.0,6.496198690086885e-09,0.0,0.0,0.0,6.955168441180604e-09,0.0,0.0,0.0,0.0,0.0,0.0,0.0,15900.0,4.0,58956.0,14974.0,4.0,58962.0,8.046142578125
3.14812761,0.0,4.222528993125252e-09,0.0,0.0,0.0,4.520859242518327e-09,0.0,0.0,0.0,0.0,0.0,0.0,0.0,15901.0,4.0,58976.0,14975.0,4.0,58985.0,8.046142578125
3.172831271,0.0,2.7446438455314137e-09,0.0,0.0,0.0,2.9385585076369125e-09,0.0,0.0,0.0,0.0,0.0,0.0,0.0,15902.0,4.0,58996.0,14976.0,4.0,59009.0,8.044187545776367
3.193440289,0.0,1.7840184884931887e-09,0.0,0.0,0.0,1.9100629966573024e-09,0.0,0.0,0.0,0.0,0.0,0.0,0.0,15903.0,4.0,59016.0,14977.0,4.0,59029.0,8.044187545776367
3.319026847,0.0,7.537477308972029e-10,0.0,0.0,0.0,8.070015211636417e-10,0.0,0.0,0.0,0.0,0.0,0.0,0.0,15905.0,4.0,59056.0,14978.0,4.0,59059.0,8.044187545776367
3.319439073,0.0,4.899359806742609e-10,0.0,0.0,0.0,5.245509582252339e-10,0.0,0.0,0.0,0.0,0.0,0.0,0.0,15906.0,4.0,59076.0,14979.0,4.0,59089.0,8.044187545776367
3.319749768,0.0,3.1845837078492423e-10,0.0,0.0,0.0,3.4095812284640203e-10,0.0,0.0,0.0,0.0,0.0,0.0,0.0,15907.0,4.0,59096.0,14980.0,4.0,59109.0,8.044187545776367
3.319832955,0.0,2.0699793268352806e-10,0.0,0.0,0.0,2.2162277568682498e-10,0.0,0.0,0.0,0.0,0.0,0.0,0.0,15908.0,4.0,59116.0,14981.0,4.0,59121.0,8.044187545776367
3.319907465,0.0,1.3454864999928873e-10,0.0,0.0,0.0,1.4405479586976355e-10,0.0,0.0,0.0,0.0,0.0,0.0,0.0,15909.0,4.0,59136.0,14982.0,4.0,59146.0,8.044187545776367
3.331300625,0.0,8.745661833620133e-11,0.0,0.0,0.0,9.363561315200997e-11,0.0,0.0,0.0,0.0,0.0,0.0,0.0,15910.0,4.0,59156.0,14983.0,4.0,59169.0,8.044187545776367
3.347881075,0.0,5.684679810213922e-11,0.0,0.0,0.0,6.086314785491709e-11,0.0,0.0,0.0,0.0,0.0,0.0,0.0,15911.0,4.0,59176.0,14984.0,4.0,59185.0,8.044187545776367
3.37259808,0.0,3.6950418419445796e-11,0.0,0.0,0.0,3.9561045411806717e-11,0.0,0.0,0.0,0.0,0.0,0.0,0.0,15912.0,4.0,59196.0,14985.0,4.0,59209.0,8.044187545776367
3.38416098,0.0,2.401777041138864e-11,0.0,0.0,0.0,2.5714678650312628e-11,0.0,0.0,0.0,0.0,0.0,0.0,0.0,15913.0,4.0,59216.0,14986.0,4.0,59220.0,8.044187545776367
3.41341443,0.0,1.5611550246985573e-11,0.0,0.0,0.0,1.6714541209439382e-11,0.0,0.0,0.0,0.0,0.0,0.0,0.0,15914.0,4.0,59236.0,14987.0,4.0,59249.0,8.044187545776367
3.431747672,0.0,1.0147506966651232e-11,0.0,0.0,0.0,1.0864451699399424e-11,0.0,0.0,0.0,0.0,0.0,0.0,0.0,15915.0,4.0,59256.0,14988.0,4.0,59269.0,8.044187545776367
3.552118836,0.0,6.5958792247466924e-12,0.0,0.0,0.0,7.061893170928757e-12,0.0,0.0,0.0,0.0,0.0,0.0,0.0,15916.0,4.0,59276.0,14989.0,4.0,59289.0,8.044187545776367
3.552528979,0.0,4.287321365981089e-12,0.0,0.0,0.0,4.5902305394196485e-12,0.0,0.0,0.0,0.0,0.0,0.0,0.0,15917.0,4.0,59296.0,14990.0,4.0,59309.0,8.044187545776367
3.553027347,0.0,2.786758887887708e-12,0.0,0.0,0.0,2.983649785570641e-12,0.0,0.0,0.0,0.0,0.0,0.0,0.0,15918.0,4.0,59316.0,14991.0,4.0,59322.0,8.044187545776367
3.553146131,0.0,1.8113931578647713e-12,0.0,0.0,0.0,1.939372273884743e-12,0.0,0.0,0.0,0.0,0.0,0.0,0.0,15919.0,4.0,59336.0,14992.0,4.0,59349.0,8.044187545776367
3.553218387,0.0,1.1774055038230036e-12,0.0,0.0,0.0,1.2605918912889091e-12,0.0,0.0,0.0,0.0,0.0,0.0,0.0,15920.0,4.0,59356.0,14993.0,4.0,59369.0,8.044187545776367
3.553288429,0.0,7.653135395378763e-13,0.0,0.0,0.0,8.193847076537475e-13,0.0,0.0,0.0,0.0,0.0,0.0,0.0,15921.0,4.0,59376.0,14994.0,4.0,59388.0,8.044187545776367
3.571890617,0.0,4.97453803410125e-13,0.0,0.0,0.0,5.326000599749359e-13,0.0,0.0,0.0,0.0,0.0,0.0,0.0,15922.0,4.0,59396.0,14995.0,4.0,59409.0,8.044187545776367
3.583574995,0.0,3.233449478220324e-13,0.0,0.0,0.0,3.461900362732029e-13,0.0,0.0,0.0,0.0,0.0,0.0,0.0,15923.0,4.0,59416.0,14996.0,4.0,59420.0,8.044187545776367
3.6118966,0.0,2.101742038870466e-13,0.0,0.0,0.0,2.25023518156571e-13,0.0,0.0,0.0,0.0,0.0,0.0,0.0,15924.0,4.0,59436.0,14997.0,4.0,59449.0,8.044187545776367
3.63161473,0.0,1.366132277831958e-13,0.0,0.0,0.0,1.4626528341363937e-13,0.0,0.0,0.0,0.0,0.0,0.0,0.0,15925.0,4.0,59456.0,14998.0,4.0,59469.0,8.044187545776367
3.64761654,0.0,8.87985973814509e-14,0.0,0.0,0.0,9.507242812022837e-14,0.0,0.0,0.0,0.0,0.0,0.0,0.0,15926.0,4.0,59476.0,14999.0,4.0,59485.0,8.044187545776367
3.769279157,0.0,5.771908829794309e-14,0.0,0.0,0.0,6.179707760052208e-14,0.0,0.0,0.0,0.0,0.0,0.0,0.0,15927.0,4.0,59496.0,15000.0,4.0,59509.0,8.044187545776367
3.76956236,0.0,3.751740671603665e-14,0.0,0.0,0.0,4.01680980686471e-14,0.0,0.0,0.0,0.0,0.0,0.0,0.0,15928.0,4.0,59516.0,15001.0,4.0,59520.0,8.046924591064453
3.769899806,0.0,2.4386314026610643e-14,0.0,0.0,0.0,2.610926205055472e-14,0.0,0.0,0.0,0.0,0.0,0.0,0.0,15929.0,4.0,59536.0,15002.0,4.0,59549.0,8.046924591064453
3.770192577,0.0,1.5851103524373855e-14,0.0,0.0,0.0,1.697101999404739e-14,0.0,0.0,0.0,0.0,0.0,0.0,0.0,15930.0,4.0,59556.0,15003.0,4.0,59568.0,8.046924591064453
3.770477784,0.0,1.0303217290843006e-14,0.0,0.0,0.0,1.1031162487911035e-14,0.0,0.0,0.0,0.0,0.0,0.0,0.0,15931.0,4.0,59576.0,15004.0,4.0,59587.0,8.046924591064453
3.771730584,0.0,6.69709098493807e-15,0.0,0.0,0.0,7.17025502421911e-15,0.0,0.0,0.0,0.0,0.0,0.0,0.0,15932.0,4.0,59596.0,15005.0,4.0,59609.0,8.046924591064453
3.784911481,0.0,4.3531089919789795e-15,0.0,0.0,0.0,4.660665384577595e-15,0.0,0.0,0.0,0.0,0.0,0.0,0.0,15933.0,4.0,59616.0,15006.0,4.0,59620.0,8.046924591064453
3.812946225,0.0,2.829520760083042e-15,0.0,0.0,0.0,3.0294323940963184e-15,0.0,0.0,0.0,0.0,0.0,0.0,0.0,15934.0,4.0,59636.0,15007.0,4.0,59649.0,8.046924591064453
3.832727754,0.0,1.8391884728781536e-15,0.0,0.0,0.0,1.9691309502834885e-15,0.0,0.0,0.0,0.0,0.0,0.0,0.0,15935.0,4.0,59656.0,15008.0,4.0,59669.0,8.046924591064453
3.848503589,0.0,1.1954724438433288e-15,0.0,0.0,0.0,1.2799350753326202e-15,0.0,0.0,0.0,0.0,0.0,0.0,0.0,15936.0,4.0,59676.0,15009.0,4.0,59686.0,8.046924591064453
3.862107031,0.0,7.7705706732234e-16,0.0,0.0,0.0,8.319577724964235e-16,0.0,0.0,0.0,0.0,0.0,0.0,0.0,15937.0,4.0,59696.0,15010.0,4.0,59700.0,8.046924591064453
3.990354881,0.0,5.050870699367194e-16,0.0,0.0,0.0,5.407725150649838e-16,0.0,0.0,0.0,0.0,0.0,0.0,0.0,15938.0,4.0,59716.0,15011.0,4.0,59729.0,8.046924591064453
3.990762037,0.0,3.283065822239778e-16,0.0,0.0,0.0,3.515021294982836e-16,0.0,0.0,0.0,0.0,0.0,0.0,0.0,15939.0,4.0,59736.0,15012.0,4.0,59748.0,8.046924591064453
3.990980339,0.0,2.1339927050465169e-16,0.0,0.0,0.0,2.2847636432154963e-16,0.0,0.0,0.0,0.0,0.0,0.0,0.0,15940.0,4.0,59756.0,15013.0,4.0,59769.0,8.046924591064453
3.99106589,0.0,1.3870951987232319e-16,0.0,0.0,0.0,1.4850962489760644e-16,0.0,0.0,0.0,0.0,0.0,0.0,0.0,15941.0,4.0,59776.0,15014.0,4.0,59789.0,8.046924591064453
3.991140731,0.0,9.016118460828762e-17,0.0,0.0,0.0,9.653124956599928e-17,0.0,0.0,0.0,0.0,0.0,0.0,0.0,15942.0,4.0,59796.0,15015.0,4.0,59808.0,8.046924591064453
3.991214269,0.0,5.860476701753675e-17,0.0,0.0,0.0,6.274530890917708e-17,0.0,0.0,0.0,0.0,0.0,0.0,0.0,15943.0,4.0,59816.0,15016.0,4.0,59820.0,8.046924591064453
4.010648224,0.0,3.8093096576165416e-17,0.0,0.0,0.0,4.07844478131149e-17,0.0,0.0,0.0,0.0,0.0,0.0,0.0,15944.0,4.0,59836.0,15017.0,4.0,59849.0,8.046924591064453
4.032368445,0.0,2.4760511781890785e-17,0.0,0.0,0.0,2.6509889589599582e-17,0.0,0.0,0.0,0.0,0.0,0.0,0.0,15945.0,4.0,59856.0,15018.0,4.0,59869.0,8.046924591064453
