time_s,left_target_rpm,left_actual_rpm,left_raw_pwm,left_final_pwm,right_target_rpm,right_actual_rpm,right_raw_pwm,right_final_pwm,sync_error_rpm,sync_correction_pwm,sync_active,startup_active,startup_fault,control_seq_mod65536,control_time_ms_hi16,control_time_ms_lo16,publish_seq_mod65536,publish_time_ms_hi16,publish_time_ms_lo16
0.42674994300250546,0.0,0.0,0.0,0.0,0.0,0.0,0.0,0.0,0.0,0.0,0.0,0.0,0.0,3574.0,1.0,9034.0,986.0,1.0,9037.0
0.4468705149993184,0.0,0.0,0.0,0.0,0.0,0.0,0.0,0.0,0.0,0.0,0.0,0.0,0.0,3575.0,1.0,9054.0,987.0,1.0,9058.0
0.4667426619998878,0.0,0.0,0.0,0.0,0.0,0.0,0.0,0.0,0.0,0.0,0.0,0.0,0.0,3576.0,1.0,9074.0,988.0,1.0,9076.0
0.892064477000531,0.0,0.0,0.0,0.0,0.0,0.0,0.0,0.0,0.0,0.0,0.0,0.0,0.0,3577.0,1.0,9094.0,989.0,1.0,9097.0
0.9224258680005732,0.0,0.0,0.0,0.0,0.0,0.0,0.0,0.0,0.0,0.0,0.0,0.0,0.0,3598.0,1.0,9515.0,990.0,1.0,9533.0
0.9488272410017089,0.0,0.0,0.0,0.0,0.0,0.0,0.0,0.0,0.0,0.0,0.0,0.0,0.0,3600.0,1.0,9554.0,991.0,1.0,9560.0
0.9703463780024322,0.0,0.0,0.0,0.0,0.0,0.0,0.0,0.0,0.0,0.0,0.0,0.0,0.0,3601.0,1.0,9574.0,992.0,1.0,9580.0
0.9882530590002716,0.0,0.0,0.0,0.0,0.0,0.0,0.0,0.0,0.0,0.0,0.0,0.0,0.0,3602.0,1.0,9594.0,993.0,1.0,9599.0
1.4189765600021929,0.0,0.0,0.0,0.0,0.0,0.0,0.0,0.0,0.0,0.0,0.0,0.0,0.0,3623.0,1.0,10014.0,994.0,1.0,10028.0
1.447442916,0.0,0.0,0.0,0.0,0.0,0.0,0.0,0.0,0.0,0.0,0.0,0.0,0.0,3625.0,1.0,10054.0,995.0,1.0,10059.0
1.4742264730011811,0.0,0.0,0.0,0.0,0.0,0.0,0.0,0.0,0.0,0.0,0.0,0.0,0.0,3626.0,1.0,10075.0,996.0,1.0,10086.0
1.94721604300139,0.0,0.0,0.0,0.0,0.0,0.0,0.0,0.0,0.0,0.0,0.0,0.0,0.0,3649.0,1.0,10534.0,997.0,1.0,10546.0
1.9672201290013618,0.0,0.0,0.0,0.0,0.0,0.0,0.0,0.0,0.0,0.0,0.0,0.0,0.0,3651.0,1.0,10574.0,998.0,1.0,10577.0
1.9883879539993359,0.0,0.0,0.0,0.0,0.0,0.0,0.0,0.0,0.0,0.0,0.0,0.0,0.0,3652.0,1.0,10594.0,999.0,1.0,10599.0
2.0076158010015206,0.0,0.0,0.0,0.0,0.0,0.0,0.0,0.0,0.0,0.0,0.0,0.0,0.0,3653.0,1.0,10614.0,1000.0,1.0,10619.0
2.476825158999418,0.0,0.0,0.0,0.0,0.0,0.0,0.0,0.0,0.0,0.0,0.0,0.0,0.0,3676.0,1.0,11074.0,1001.0,1.0,11088.0
2.5051991639993503,0.0,0.0,0.0,0.0,0.0,0.0,0.0,0.0,0.0,0.0,0.0,0.0,0.0,3678.0,1.0,11114.0,1002.0,1.0,11115.0
2.9314121829993383,0.0,0.0,0.0,0.0,0.0,0.0,0.0,0.0,0.0,0.0,0.0,0.0,0.0,3679.0,1.0,11134.0,1003.0,1.0,11135.0
2.959285084001749,0.0,0.0,0.0,0.0,0.0,0.0,0.0,0.0,0.0,0.0,0.0,0.0,0.0,3700.0,1.0,11554.0,1004.0,1.0,11569.0
2.9764028970021172,0.0,0.0,0.0,0.0,0.0,0.0,0.0,0.0,0.0,0.0,0.0,0.0,0.0,3701.0,1.0,11574.0,1005.0,1.0,11588.0
3.0153630470013013,0.0,0.0,0.0,0.0,0.0,0.0,0.0,0.0,0.0,0.0,0.0,0.0,0.0,3703.0,1.0,11614.0,1006.0,1.0,11624.0
3.4571155680023367,0.0,0.0,0.0,0.0,0.0,0.0,0.0,0.0,0.0,0.0,0.0,0.0,0.0,3725.0,1.0,12054.0,1007.0,1.0,12067.0
3.485902136002551,0.0,0.0,0.0,0.0,0.0,0.0,0.0,0.0,0.0,0.0,0.0,0.0,0.0,3727.0,1.0,12094.0,1008.0,1.0,12098.0
3.5062373180007853,0.0,0.0,0.0,0.0,0.0,0.0,0.0,0.0,0.0,0.0,0.0,0.0,0.0,3728.0,1.0,12114.0,1009.0,1.0,12117.0
3.5264809760010394,0.0,0.0,0.0,0.0,0.0,0.0,0.0,0.0,0.0,0.0,0.0,0.0,0.0,3729.0,1.0,12134.0,1010.0,1.0,12138.0
3.962800559002062,0.0,0.0,0.0,0.0,0.0,0.0,0.0,0.0,0.0,0.0,0.0,0.0,0.0,3750.0,1.0,12554.0,1011.0,1.0,12574.0
3.9862629109993577,0.0,0.0,0.0,0.0,0.0,0.0,0.0,0.0,0.0,0.0,0.0,0.0,0.0,3752.0,1.0,12595.0,1012.0,1.0,12595.0
4.004878406001808,0.0,0.0,0.0,0.0,0.0,0.0,0.0,0.0,0.0,0.0,0.0,0.0,0.0,3753.0,1.0,12614.0,1013.0,1.0,12616.0
4.024814017000608,0.0,0.0,0.0,0.0,0.0,0.0,0.0,0.0,0.0,0.0,0.0,0.0,0.0,3753.0,1.0,12614.0,1014.0,1.0,12633.0
4.040703547001613,0.0,0.0,0.0,0.0,0.0,0.0,0.0,0.0,0.0,0.0,0.0,0.0,0.0,3754.0,1.0,12635.0,1015.0,1.0,12652.0
4.071450601000834,0.0,0.0,0.0,0.0,0.0,0.0,0.0,0.0,0.0,0.0,0.0,0.0,0.0,3756.0,1.0,12674.0,1016.0,1.0,12682.0
4.091897665999568,0.0,0.0,0.0,0.0,0.0,0.0,0.0,0.0,0.0,0.0,0.0,0.0,0.0,3757.0,1.0,12694.0,1017.0,1.0,12703.0
4.108445972000482,0.0,0.0,0.0,0.0,0.0,0.0,0.0,0.0,0.0,0.0,0.0,0.0,0.0,3758.0,1.0,12714.0,1018.0,1.0,12720.0
4.129885117999947,0.0,0.0,0.0,0.0,0.0,0.0,0.0,0.0,0.0,0.0,0.0,0.0,0.0,3759.0,1.0,12734.0,1019.0,1.0,12738.0
4.146375652999268,0.0,0.0,0.0,0.0,0.0,0.0,0.0,0.0,0.0,0.0,0.0,0.0,0.0,3760.0,1.0,12754.0,1020.0,1.0,12758.0
4.178853776000324,0.0,0.0,0.0,0.0,0.0,0.0,0.0,0.0,0.0,0.0,0.0,0.0,0.0,3761.0,1.0,12774.0,1021.0,1.0,12789.0
4.197683840000536,0.0,0.0,0.0,0.0,0.0,0.0,0.0,0.0,0.0,0.0,0.0,0.0,0.0,3762.0,1.0,12794.0,1022.0,1.0,12808.0
4.3331699350019335,0.0,0.0,0.0,0.0,0.0,0.0,0.0,0.0,0.0,0.0,0.0,0.0,0.0,3769.0,1.0,12934.0,1023.0,1.0,12942.0
4.350822792999679,0.0,0.0,0.0,0.0,0.0,0.0,0.0,0.0,0.0,0.0,0.0,0.0,0.0,3770.0,1.0,12954.0,1024.0,1.0,12962.0
4.367431912000029,0.0,0.0,0.0,0.0,0.0,0.0,0.0,0.0,0.0,0.0,0.0,0.0,0.0,3771.0,1.0,12974.0,1025.0,1.0,12979.0
4.397720799002855,0.0,0.0,0.0,0.0,0.0,0.0,0.0,0.0,0.0,0.0,0.0,0.0,0.0,3772.0,1.0,12994.0,1026.0,1.0,13010.0
4.476323740000225,0.0,0.0,0.0,0.0,0.0,0.0,0.0,0.0,0.0,0.0,0.0,0.0,0.0,3774.0,1.0,13034.0,1027.0,1.0,13037.0
4.558297524999944,0.0,0.0,0.0,0.0,0.0,0.0,0.0,0.0,0.0,0.0,0.0,0.0,0.0,3780.0,1.0,13154.0,1028.0,1.0,13168.0
4.582202928002516,0.0,0.0,0.0,0.0,0.0,0.0,0.0,0.0,0.0,0.0,0.0,0.0,0.0,3781.0,1.0,13174.0,1029.0,1.0,13187.0
4.598253824002313,0.0,0.0,0.0,0.0,0.0,0.0,0.0,0.0,0.0,0.0,0.0,0.0,0.0,3782.0,1.0,13194.0,1030.0,1.0,13210.0
4.628635356999439,0.0,0.0,0.0,0.0,0.0,0.0,0.0,0.0,0.0,0.0,0.0,0.0,0.0,3784.0,1.0,13234.0,1031.0,1.0,13239.0
4.761481822002679,0.0,0.0,0.0,0.0,0.0,0.0,0.0,0.0,0.0,0.0,0.0,0.0,0.0,3785.0,1.0,13254.0,1032.0,1.0,13260.0
4.795604774000822,0.0,0.0,0.0,0.0,0.0,0.0,0.0,0.0,0.0,0.0,0.0,0.0,0.0,3792.0,1.0,13394.0,1033.0,1.0,13405.0
4.821799249002652,0.0,0.0,0.0,0.0,0.0,0.0,0.0,0.0,0.0,0.0,0.0,0.0,0.0,3793.0,1.0,13414.0,1034.0,1.0,13423.0
4.8563700650011015,0.0,0.0,0.0,0.0,0.0,0.0,0.0,0.0,0.0,0.0,0.0,0.0,0.0,3795.0,1.0,13454.0,1035.0,1.0,13462.0
4.994164989002456,0.0,0.0,0.0,0.0,0.0,0.0,0.0,0.0,0.0,0.0,0.0,0.0,0.0,3802.0,1.0,13594.0,1036.0,1.0,13605.0
5.013415502002317,0.0,0.0,0.0,0.0,0.0,0.0,0.0,0.0,0.0,0.0,0.0,0.0,0.0,3803.0,1.0,13614.0,1037.0,1.0,13624.0
5.030819176001387,0.0,0.0,0.0,0.0,0.0,0.0,0.0,0.0,0.0,0.0,0.0,0.0,0.0,3804.0,1.0,13634.0,1038.0,1.0,13642.0
5.050693337001576,0.0,0.0,0.0,0.0,0.0,0.0,0.0,0.0,0.0,0.0,0.0,0.0,0.0,3805.0,1.0,13654.0,1039.0,1.0,13660.0
5.068608204001066,0.0,0.0,0.0,0.0,0.0,0.0,0.0,0.0,0.0,0.0,0.0,0.0,0.0,3806.0,1.0,13674.0,1040.0,1.0,13680.0
5.214161873002013,0.0,0.0,0.0,0.0,0.0,0.0,0.0,0.0,0.0,0.0,0.0,0.0,0.0,3813.0,1.0,13814.0,1041.0,1.0,13822.0
5.231406734001212,0.0,0.0,0.0,0.0,0.0,0.0,0.0,0.0,0.0,0.0,0.0,0.0,0.0,3814.0,1.0,13834.0,1042.0,1.0,13843.0
5.249121510001714,0.0,0.0,0.0,0.0,0.0,0.0,0.0,0.0,0.0,0.0,0.0,0.0,0.0,3815.0,1.0,13854.0,1043.0,1.0,13860.0
5.271666761000233,0.0,0.0,0.0,0.0,0.0,0.0,0.0,0.0,0.0,0.0,0.0,0.0,0.0,3816.0,1.0,13874.0,1044.0,1.0,13880.0
5.289066876001016,0.0,0.0,0.0,0.0,0.0,0.0,0.0,0.0,0.0,0.0,0.0,0.0,0.0,3817.0,1.0,13894.0,1045.0,1.0,13900.0
5.421374346002267,0.0,0.0,0.0,0.0,0.0,0.0,0.0,0.0,0.0,0.0,0.0,0.0,0.0,3820.0,1.0,13954.0,1046.0,1.0,13964.0
5.469889337000495,0.0,0.0,0.0,0.0,0.0,0.0,0.0,0.0,0.0,0.0,0.0,0.0,0.0,3825.0,1.0,14054.0,1047.0,1.0,14068.0
5.505024835001677,0.0,0.0,0.0,0.0,0.0,0.0,0.0,0.0,0.0,0.0,0.0,0.0,0.0,3827.0,1.0,14094.0,1048.0,1.0,14100.0
5.645329222999862,0.0,0.0,0.0,0.0,0.0,0.0,0.0,0.0,0.0,0.0,0.0,0.0,0.0,3830.0,1.0,14154.0,1049.0,1.0,14170.0
5.671207822000724,0.0,0.0,0.0,0.0,0.0,0.0,0.0,0.0,0.0,0.0,0.0,0.0,0.0,3836.0,1.0,14274.0,1050.0,1.0,14280.0
5.7018549679996795,0.0,0.0,0.0,0.0,0.0,0.0,0.0,0.0,0.0,0.0,0.0,0.0,0.0,3837.0,1.0,14294.0,1051.0,1.0,14312.0
5.718825874002505,0.0,0.0,0.0,0.0,0.0,0.0,0.0,0.0,0.0,0.0,0.0,0.0,0.0,3838.0,1.0,14314.0,1052.0,1.0,14329.0
5.736095178999676,0.0,0.0,0.0,0.0,0.0,0.0,0.0,0.0,0.0,0.0,0.0,0.0,0.0,3839.0,1.0,14334.0,1053.0,1.0,14347.0
5.829917660001229,0.0,0.0,0.0,0.0,0.0,0.0,0.0,0.0,0.0,0.0,0.0,0.0,0.0,3842.0,1.0,14394.0,1054.0,1.0,14396.0
5.873755538999831,0.0,0.0,0.0,0.0,0.0,0.0,0.0,0.0,0.0,0.0,0.0,0.0,0.0,3846.0,1.0,14474.0,1055.0,1.0,14484.0
5.90086225900086,0.0,0.0,0.0,0.0,0.0,0.0,0.0,0.0,0.0,0.0,0.0,0.0,0.0,3847.0,1.0,14494.0,1056.0,1.0,14512.0
5.922627250001824,0.0,0.0,0.0,0.0,0.0,0.0,0.0,0.0,0.0,0.0,0.0,0.0,0.0,3848.0,1.0,14514.0,1057.0,1.0,14531.0
5.940551012001379,0.0,0.0,0.0,0.0,0.0,0.0,0.0,0.0,0.0,0.0,0.0,0.0,0.0,3849.0,1.0,14534.0,1058.0,1.0,14551.0
5.961208724002063,0.0,0.0,0.0,0.0,0.0,0.0,0.0,0.0,0.0,0.0,0.0,0.0,0.0,3850.0,1.0,14554.0,1059.0,1.0,14573.0
6.077546044001792,0.0,0.0,0.0,0.0,0.0,0.0,0.0,0.0,0.0,0.0,0.0,0.0,0.0,3853.0,1.0,14614.0,1060.0,1.0,14620.0
6.133639656000014,0.0,0.0,0.0,0.0,0.0,0.0,0.0,0.0,0.0,0.0,0.0,0.0,0.0,3859.0,1.0,14734.0,1061.0,1.0,14740.0
6.150582288999431,0.0,0.0,0.0,0.0,0.0,0.0,0.0,0.0,0.0,0.0,0.0,0.0,0.0,3860.0,1.0,14755.0,1062.0,1.0,14761.0
6.167837116001465,0.0,0.0,0.0,0.0,0.0,0.0,0.0,0.0,0.0,0.0,0.0,0.0,0.0,3861.0,1.0,14774.0,1063.0,1.0,14780.0
6.184952007002721,0.0,0.0,0.0,0.0,0.0,0.0,0.0,0.0,0.0,0.0,0.0,0.0,0.0,3862.0,1.0,14794.0,1064.0,1.0,14797.0
6.313442238999414,0.0,0.0,0.0,0.0,0.0,0.0,0.0,0.0,0.0,0.0,0.0,0.0,0.0,3868.0,1.0,14914.0,1065.0,1.0,14924.0
6.368279039001209,0.0,0.0,0.0,0.0,0.0,0.0,0.0,0.0,0.0,0.0,0.0,0.0,0.0,3871.0,1.0,14974.0,1066.0,1.0,14980.0
6.385885554002016,0.0,0.0,0.0,0.0,0.0,0.0,0.0,0.0,0.0,0.0,0.0,0.0,0.0,3872.0,1.0,14994.0,1067.0,1.0,14997.0
6.40390540700173,0.0,0.0,0.0,0.0,0.0,0.0,0.0,0.0,0.0,0.0,0.0,0.0,0.0,3872.0,1.0,14994.0,1068.0,1.0,15014.0
6.532536376002099,0.0,0.0,0.0,0.0,0.0,0.0,0.0,0.0,0.0,0.0,0.0,0.0,0.0,3879.0,1.0,15134.0,1069.0,1.0,15144.0
6.571895946999575,0.0,0.0,0.0,0.0,0.0,0.0,0.0,0.0,0.0,0.0,0.0,0.0,0.0,3881.0,1.0,15174.0,1070.0,1.0,15183.0
6.611096535001707,0.0,0.0,0.0,0.0,0.0,0.0,0.0,0.0,0.0,0.0,0.0,0.0,0.0,3883.0,1.0,15214.0,1071.0,1.0,15223.0
6.740256020999368,0.0,0.0,0.0,0.0,0.0,0.0,0.0,0.0,0.0,0.0,0.0,0.0,0.0,3885.0,1.0,15254.0,1072.0,1.0,15273.0
6.768908682002802,0.0,0.0,0.0,0.0,0.0,0.0,0.0,0.0,0.0,0.0,0.0,0.0,0.0,3891.0,1.0,15374.0,1073.0,1.0,15380.0
6.785459385999275,0.0,0.0,0.0,0.0,0.0,0.0,0.0,0.0,0.0,0.0,0.0,0.0,0.0,3892.0,1.0,15394.0,1074.0,1.0,15397.0
6.80528635200244,0.0,0.0,0.0,0.0,0.0,0.0,0.0,0.0,0.0,0.0,0.0,0.0,0.0,3893.0,1.0,15414.0,1075.0,1.0,15416.0
6.829506729001878,0.0,0.0,0.0,0.0,0.0,0.0,0.0,0.0,0.0,0.0,0.0,0.0,0.0,3894.0,1.0,15434.0,1076.0,1.0,15441.0
6.914043786000548,0.0,0.0,0.0,0.0,0.0,0.0,0.0,0.0,0.0,0.0,0.0,0.0,0.0,3895.0,1.0,15454.0,1077.0,1.0,15457.0
6.976391526000953,0.0,0.0,0.0,0.0,0.0,0.0,0.0,0.0,0.0,0.0,0.0,0.0,0.0,3901.0,1.0,15574.0,1078.0,1.0,15583.0
6.9979141330004495,0.0,0.0,0.0,0.0,0.0,0.0,0.0,0.0,0.0,0.0,0.0,0.0,0.0,3902.0,1.0,15594.0,1079.0,1.0,15606.0
7.018023477001407,0.0,0.0,0.0,0.0,0.0,0.0,0.0,0.0,0.0,0.0,0.0,0.0,0.0,3903.0,1.0,15614.0,1080.0,1.0,15628.0
7.0468493580010545,0.0,0.0,0.0,0.0,0.0,0.0,0.0,0.0,0.0,0.0,0.0,0.0,0.0,3905.0,1.0,15654.0,1081.0,1.0,15657.0
7.0646257270018396,0.0,0.0,0.0,0.0,0.0,0.0,0.0,0.0,0.0,0.0,0.0,0.0,0.0,3906.0,1.0,15674.0,1082.0,1.0,15675.0
7.15906330800135,0.0,0.0,0.0,0.0,0.0,0.0,0.0,0.0,0.0,0.0,0.0,0.0,0.0,3907.0,1.0,15694.0,1083.0,1.0,15713.0
7.231751008999709,0.0,0.0,0.0,0.0,0.0,0.0,0.0,0.0,0.0,0.0,0.0,0.0,0.0,3914.0,1.0,15834.0,1084.0,1.0,15841.0
7.260193670001172,0.0,0.0,0.0,0.0,0.0,0.0,0.0,0.0,0.0,0.0,0.0,0.0,0.0,3915.0,1.0,15854.0,1085.0,1.0,15870.0
7.305706139999529,0.0,0.0,0.0,0.0,0.0,0.0,0.0,0.0,0.0,0.0,0.0,0.0,0.0,3917.0,1.0,15894.0,1086.0,1.0,15901.0
7.400260070000513,0.0,0.0,0.0,0.0,0.0,0.0,0.0,0.0,0.0,0.0,0.0,0.0,0.0,3922.0,1.0,15994.0,1087.0,1.0,16001.0
7.420985706001375,0.0,0.0,0.0,0.0,0.0,0.0,0.0,0.0,0.0,0.0,0.0,0.0,0.0,3923.0,1.0,16014.0,1088.0,1.0,16032.0
7.437811952000629,0.0,0.0,0.0,0.0,0.0,0.0,0.0,0.0,0.0,0.0,0.0,0.0,0.0,3924.0,1.0,16034.0,1089.0,1.0,16050.0
7.455801926000277,0.0,0.0,0.0,0.0,0.0,0.0,0.0,0.0,0.0,0.0,0.0,0.0,0.0,3925.0,1.0,16054.0,1090.0,1.0,16068.0
7.488687007000408,0.0,0.0,0.0,0.0,0.0,0.0,0.0,0.0,0.0,0.0,0.0,0.0,0.0,3927.0,1.0,16094.0,1091.0,1.0,16100.0
7.620063149999623,0.0,0.0,0.0,0.0,0.0,0.0,0.0,0.0,0.0,0.0,0.0,0.0,0.0,3928.0,1.0,16114.0,1092.0,1.0,16118.0
7.651045315000374,0.0,0.0,0.0,0.0,0.0,0.0,0.0,0.0,0.0,0.0,0.0,0.0,0.0,3935.0,1.0,16254.0,1093.0,1.0,16260.0
7.6757683370015,0.0,0.0,0.0,0.0,0.0,0.0,0.0,0.0,0.0,0.0,0.0,0.0,0.0,3936.0,1.0,16274.0,1094.0,1.0,16286.0
7.697057887002302,0.0,0.0,0.0,0.0,0.0,0.0,0.0,0.0,0.0,0.0,0.0,0.0,0.0,3937.0,1.0,16294.0,1095.0,1.0,16307.0
7.725035629002377,0.0,0.0,0.0,0.0,0.0,0.0,0.0,0.0,0.0,0.0,0.0,0.0,0.0,3938.0,1.0,16314.0,1096.0,1.0,16335.0
7.861685277999641,0.0,0.0,0.0,0.0,0.0,0.0,0.0,0.0,0.0,0.0,0.0,0.0,0.0,3945.0,1.0,16454.0,1097.0,1.0,16461.0
7.887518744002591,0.0,0.0,0.0,0.0,0.0,0.0,0.0,0.0,0.0,0.0,0.0,0.0,0.0,3947.0,1.0,16494.0,1098.0,1.0,16499.0
7.906009050999273,0.0,0.0,0.0,0.0,0.0,0.0,0.0,0.0,0.0,0.0,0.0,0.0,0.0,3948.0,1.0,16514.0,1099.0,1.0,16518.0
7.925137053000071,0.0,0.0,0.0,0.0,0.0,0.0,0.0,0.0,0.0,0.0,0.0,0.0,0.0,3949.0,1.0,16534.0,1100.0,1.0,16535.0
8.067070708999381,0.0,0.0,0.0,0.0,0.0,0.0,0.0,0.0,0.0,0.0,0.0,0.0,0.0,3950.0,1.0,16554.0,1101.0,1.0,16562.0
8.08552684100141,0.0,0.0,0.0,0.0,0.0,0.0,0.0,0.0,0.0,0.0,0.0,0.0,0.0,3957.0,1.0,16694.0,1102.0,1.0,16698.0
8.103908892000618,0.0,0.0,0.0,0.0,0.0,0.0,0.0,0.0,0.0,0.0,0.0,0.0,0.0,3957.0,1.0,16694.0,1103.0,1.0,16713.0
8.122816413000692,0.0,0.0,0.0,0.0,0.0,0.0,0.0,0.0,0.0,0.0,0.0,0.0,0.0,3958.0,1.0,16715.0,1104.0,1.0,16732.0
8.138470156001858,0.0,0.0,0.0,0.0,0.0,0.0,0.0,0.0,0.0,0.0,0.0,0.0,0.0,3959.0,1.0,16734.0,1105.0,1.0,16750.0
8.218326635000267,0.0,0.0,0.0,0.0,0.0,0.0,0.0,0.0,0.0,0.0,0.0,0.0,0.0,3961.0,1.0,16774.0,1106.0,1.0,16782.0
8.298578334000922,0.0,0.0,0.0,0.0,0.0,0.0,0.0,0.0,0.0,0.0,0.0,0.0,0.0,3967.0,1.0,16894.0,1107.0,1.0,16907.0
8.316370038002788,0.0,0.0,0.0,0.0,0.0,0.0,0.0,0.0,0.0,0.0,0.0,0.0,0.0,3968.0,1.0,16914.0,1108.0,1.0,16928.0
8.357461507999687,0.0,0.0,0.0,0.0,0.0,0.0,0.0,0.0,0.0,0.0,0.0,0.0,0.0,3970.0,1.0,16954.0,1109.0,1.0,16968.0
8.376871836000646,0.0,0.0,0.0,0.0,0.0,0.0,0.0,0.0,0.0,0.0,0.0,0.0,0.0,3971.0,1.0,16974.0,1110.0,1.0,16987.0
8.544772121000278,0.0,0.0,0.0,0.0,0.0,0.0,0.0,0.0,0.0,0.0,0.0,0.0,0.0,3980.0,1.0,17154.0,1111.0,1.0,17156.0
8.559934896002233,0.0,0.0,0.0,0.0,0.0,0.0,0.0,0.0,0.0,0.0,0.0,0.0,0.0,3980.0,1.0,17154.0,1112.0,1.0,17172.0
8.579933755001548,0.0,0.0,0.0,0.0,0.0,0.0,0.0,0.0,0.0,0.0,0.0,0.0,0.0,3981.0,1.0,17174.0,1113.0,1.0,17192.0
8.602105231999303,0.0,0.0,0.0,0.0,0.0,0.0,0.0,0.0,0.0,0.0,0.0,0.0,0.0,3982.0,1.0,17194.0,1114.0,1.0,17211.0
8.722214733999863,0.0,0.0,0.0,0.0,0.0,0.0,0.0,0.0,0.0,0.0,0.0,0.0,0.0,3988.0,1.0,17314.0,1115.0,1.0,17319.0
8.762024693001877,0.0,0.0,0.0,0.0,0.0,0.0,0.0,0.0,0.0,0.0,0.0,0.0,0.0,3990.0,1.0,17355.0,1116.0,1.0,17372.0
8.785740422001254,0.0,0.0,0.0,0.0,0.0,0.0,0.0,0.0,0.0,0.0,0.0,0.0,0.0,3992.0,1.0,17394.0,1117.0,1.0,17397.0
8.807341703999555,0.0,0.0,0.0,0.0,0.0,0.0,0.0,0.0,0.0,0.0,0.0,0.0,0.0,3993.0,1.0,17414.0,1118.0,1.0,17417.0
8.824588640000002,0.0,0.0,0.0,0.0,0.0,0.0,0.0,0.0,0.0,0.0,0.0,0.0,0.0,3994.0,1.0,17434.0,1119.0,1.0,17436.0
8.96693042500192,0.0,0.0,0.0,0.0,0.0,0.0,0.0,0.0,0.0,0.0,0.0,0.0,0.0,4000.0,1.0,17554.0,1120.0,1.0,17568.0
9.007100109000021,0.0,0.0,0.0,0.0,0.0,0.0,0.0,0.0,0.0,0.0,0.0,0.0,0.0,4003.0,1.0,17614.0,1121.0,1.0,17619.0
9.031891498001642,0.0,0.0,0.0,0.0,0.0,0.0,0.0,0.0,0.0,0.0,0.0,0.0,0.0,4004.0,1.0,17634.0,1122.0,1.0,17643.0
9.117242985001212,0.0,0.0,0.0,0.0,0.0,0.0,0.0,0.0,0.0,0.0,0.0,0.0,0.0,4005.0,1.0,17654.0,1123.0,1.0,17661.0
9.17197076299999,0.0,0.0,0.0,0.0,0.0,0.0,0.0,0.0,0.0,0.0,0.0,0.0,0.0,4011.0,1.0,17774.0,1124.0,1.0,17784.0
9.192881438000768,0.0,0.0,0.0,0.0,0.0,0.0,0.0,0.0,0.0,0.0,0.0,0.0,0.0,4012.0,1.0,17794.0,1125.0,1.0,17802.0
9.220662292002089,0.0,0.0,0.0,0.0,0.0,0.0,0.0,0.0,0.0,0.0,0.0,0.0,0.0,4013.0,1.0,17814.0,1126.0,1.0,17832.0
9.23990101200252,0.0,0.0,0.0,0.0,0.0,0.0,0.0,0.0,0.0,0.0,0.0,0.0,0.0,4014.0,1.0,17834.0,1127.0,1.0,17850.0
9.25853861699943,0.0,0.0,0.0,0.0,0.0,0.0,0.0,0.0,0.0,0.0,0.0,0.0,0.0,4015.0,1.0,17854.0,1128.0,1.0,17868.0
9.380248814999504,0.0,0.0,0.0,0.0,0.0,0.0,0.0,0.0,0.0,0.0,0.0,0.0,0.0,4016.0,1.0,17874.0,1129.0,1.0,17887.0
9.404766690000542,0.0,0.0,0.0,0.0,0.0,0.0,0.0,0.0,0.0,0.0,0.0,0.0,0.0,4023.0,1.0,18014.0,1130.0,1.0,18016.0
9.432690622001246,0.0,0.0,0.0,0.0,0.0,0.0,0.0,0.0,0.0,0.0,0.0,0.0,0.0,4024.0,1.0,18034.0,1131.0,1.0,18043.0
9.448183835000236,0.0,0.0,0.0,0.0,0.0,0.0,0.0,0.0,0.0,0.0,0.0,0.0,0.0,4025.0,1.0,18054.0,1132.0,1.0,18060.0
9.46716549300254,0.0,0.0,0.0,0.0,0.0,0.0,0.0,0.0,0.0,0.0,0.0,0.0,0.0,4026.0,1.0,18074.0,1133.0,1.0,18079.0
9.538137137002195,0.0,0.0,0.0,0.0,0.0,0.0,0.0,0.0,0.0,0.0,0.0,0.0,0.0,4027.0,1.0,18094.0,1134.0,1.0,18096.0
9.564891060999798,0.0,0.0,0.0,0.0,0.0,0.0,0.0,0.0,0.0,0.0,0.0,0.0,0.0,4031.0,1.0,18174.0,1135.0,1.0,18177.0
9.615262514002097,0.0,0.0,0.0,0.0,0.0,0.0,0.0,0.0,0.0,0.0,0.0,0.0,0.0,4032.0,1.0,18194.0,1136.0,1.0,18212.0
9.643191745999502,0.0,0.0,0.0,0.0,0.0,0.0,0.0,0.0,0.0,0.0,0.0,0.0,0.0,4034.0,1.0,18234.0,1137.0,1.0,18245.0
10.113214845001494,0.0,0.0,0.0,0.0,0.0,0.0,0.0,0.0,0.0,0.0,0.0,0.0,0.0,4035.0,1.0,18254.0,1138.0,1.0,18273.0
10.158664653001324,0.0,0.0,0.0,0.0,0.0,0.0,0.0,0.0,0.0,0.0,0.0,0.0,0.0,4060.0,1.0,18755.0,1139.0,1.0,18769.0
10.177697147999424,0.0,0.0,0.0,0.0,0.0,0.0,0.0,0.0,0.0,0.0,0.0,0.0,0.0,4061.0,1.0,18774.0,1140.0,1.0,18789.0
10.215795291001996,0.0,0.0,0.0,0.0,0.0,0.0,0.0,0.0,0.0,0.0,0.0,0.0,0.0,4063.0,1.0,18815.0,1141.0,1.0,18826.0
10.641735490000428,0.0,0.0,0.0,0.0,0.0,0.0,0.0,0.0,0.0,0.0,0.0,0.0,0.0,4084.0,1.0,19234.0,1142.0,1.0,19249.0
10.658676159000606,0.0,0.0,0.0,0.0,0.0,0.0,0.0,0.0,0.0,0.0,0.0,0.0,0.0,4085.0,1.0,19254.0,1143.0,1.0,19270.0
10.681449447001796,0.0,0.0,0.0,0.0,0.0,0.0,0.0,0.0,0.0,0.0,0.0,0.0,0.0,4086.0,1.0,19274.0,1144.0,1.0,19289.0
10.699127349002083,0.0,0.0,0.0,0.0,0.0,0.0,0.0,0.0,0.0,0.0,0.0,0.0,0.0,4087.0,1.0,19294.0,1145.0,1.0,19309.0
11.133329519001563,0.0,0.0,0.0,0.0,0.0,0.0,0.0,0.0,0.0,0.0,0.0,0.0,0.0,4089.0,1.0,19334.0,1146.0,1.0,19339.0
11.167867666001257,0.0,0.0,0.0,0.0,0.0,0.0,0.0,0.0,0.0,0.0,0.0,0.0,0.0,4111.0,1.0,19774.0,1147.0,1.0,19778.0
11.18624614300279,0.0,0.0,0.0,0.0,0.0,0.0,0.0,0.0,0.0,0.0,0.0,0.0,0.0,4112.0,1.0,19794.0,1148.0,1.0,19798.0
11.204170024000632,0.0,0.0,0.0,0.0,0.0,0.0,0.0,0.0,0.0,0.0,0.0,0.0,0.0,4113.0,1.0,19815.0,1149.0,1.0,19815.0
11.219526395001594,0.0,0.0,0.0,0.0,0.0,0.0,0.0,0.0,0.0,0.0,0.0,0.0,0.0,4113.0,1.0,19815.0,1150.0,1.0,19831.0
11.661072735001653,0.0,0.0,0.0,0.0,0.0,0.0,0.0,0.0,0.0,0.0,0.0,0.0,0.0,4135.0,1.0,20254.0,1151.0,1.0,20269.0
11.678282042001229,0.0,0.0,0.0,0.0,0.0,0.0,0.0,0.0,0.0,0.0,0.0,0.0,0.0,4136.0,1.0,20274.0,1152.0,1.0,20290.0
11.695735796001827,0.0,0.0,0.0,0.0,0.0,0.0,0.0,0.0,0.0,0.0,0.0,0.0,0.0,4137.0,1.0,20294.0,1153.0,1.0,20307.0
11.7372359889996,0.0,0.0,0.0,0.0,0.0,0.0,0.0,0.0,0.0,0.0,0.0,0.0,0.0,4139.0,1.0,20334.0,1154.0,1.0,20348.0
