time_s,odom_x,odom_y,odom_yaw_rad,imu_yaw_rad
0.5024,-4.478447884321213e-05,1.4427241694647819e-08,-0.0006800986712500285,3.032318098489776
0.5337,-4.478447884321213e-05,1.4427241694647819e-08,-0.0006800986712500285,3.032318098489776
0.5339,-4.478447884321213e-05,1.4427241694647819e-08,-0.0006800986712500285,3.03231809288742
0.5460,-2.167556807398796e-05,1.6026642697397619e-09,-0.0005549623119361426,3.03231809288742
0.5463,-2.167556807398796e-05,1.6026642697397619e-09,-0.0005549623119361426,3.032318096078741
0.5824,2.3877548053860664e-05,-8.894060556485783e-09,-0.00010535790371642515,3.032318096078741
0.5841,2.3877548053860664e-05,-8.894060556485783e-09,-0.00010535790371642515,3.0322658830645683
0.6136,6.214118003845215e-05,6.93581114319386e-09,0.00041370543201577927,3.0322658830645683
0.6139,6.214118003845215e-05,6.93581114319386e-09,0.00041370543201577927,3.032396555419912
0.6229,0.00011052437126636505,6.055157791706734e-08,0.0011081483967228624,3.032396555419912
0.6232,0.00011052437126636505,6.055157791706734e-08,0.0011081483967228624,3.033158532360508
0.6540,0.00014197342097759246,1.0959756036754698e-07,0.0015595362565831627,3.033158532360508
0.6546,0.00014197342097759246,1.0959756036754698e-07,0.0015595362565831627,3.0328628929072887
0.6651,0.00016241529583930968,1.4747513341717423e-07,0.00185293837765191,3.0328628929072887
0.6653,0.00016241529583930968,1.4747513341717423e-07,0.00185293837765191,3.0328628838645657
0.7011,0.00030787259340286254,5.775283789262175e-07,0.003219446110202318,3.0328628838645657
0.7032,0.00030787259340286254,5.775283789262175e-07,0.003219446110202318,3.0340256647645663
0.7308,0.000509174108505249,1.443585380911827e-06,0.004302260477409325,3.0340256647645663
0.7321,0.000509174108505249,1.443585380911827e-06,0.004302260477409325,3.0346739234955993
0.7425,0.0007539514303207398,2.5950530543923377e-06,0.004704109653571159,3.0346739234955993
0.7427,0.0007539514303207398,2.5950530543923377e-06,0.004704109653571159,3.0335597958136717
0.7816,0.0013171204328536988,5.454309750348329e-06,0.005139681236408398,3.0335597958136717
0.7817,0.0013171204328536988,5.454309750348329e-06,0.005139681236408398,3.0332252800752206
0.8105,0.0016002185344696045,7.042180746793747e-06,0.005608849120449332,3.0332252800752206
0.8124,0.0016002185344696045,7.042180746793747e-06,0.005608849120449332,3.033702619726825
0.8231,0.0018985657691955567,8.785665966570378e-06,0.005843743947023393,3.033702619726825
0.8234,0.0018985657691955567,8.785665966570378e-06,0.005843743947023393,3.034028070956013
0.8644,0.002621807098388672,1.351497508585453e-05,0.006755525401733451,3.034028070956013
0.8647,0.002621807098388672,1.351497508585453e-05,0.006755525401733451,3.034053560476472
0.9022,0.0036703693866729737,2.1687256172299384e-05,0.008127936894344179,3.034053560476472
0.9081,0.0036703693866729737,2.1687256172299384e-05,0.008127936894344179,3.036214849209878
0.9442,0.005249191761016845,3.633430227637291e-05,0.009620615189918311,3.036214849209878
0.9445,0.005249191761016845,3.633430227637291e-05,0.009620615189918311,3.041095022701609
0.9808,0.007373093128204345,6.06483668088913e-05,0.012179224644949383,3.041095022701609
0.9845,0.007373093128204345,6.06483668088913e-05,0.012179224644949383,3.043854719572019
1.0101,0.008588114738464355,7.802953571081162e-05,0.014304255167824497,3.043854719572019
1.0122,0.008588114738464355,7.802953571081162e-05,0.014304255167824497,3.045162217235097
1.0247,0.009920531272888184,9.968404471874237e-05,0.016250625075638587,3.045162217235097
1.0247,0.009920531272888184,9.968404471874237e-05,0.016250625075638587,3.048130037561713
1.0617,0.01286358642578125,0.00015589487552642822,0.019941438652400195,3.048130037561713
1.0619,0.01286358642578125,0.00015589487552642822,0.019941438652400195,3.0522205895815073
1.1013,0.01607427978515625,0.00022888638079166413,0.023668226637605233,3.0522205895815073
1.1016,0.01607427978515625,0.00022888638079166413,0.023668226637605233,3.0557599189825995
1.1418,0.019401079177856446,0.0003178696930408478,0.027753367016072134,3.0557599189825995
1.1419,0.019401079177856446,0.0003178696930408478,0.027753367016072134,3.060446265196129
1.1713,0.021068580627441408,0.0003675300478935242,0.02977249813586096,3.060446265196129
1.1716,0.021068580627441408,0.0003675300478935242,0.02977249813586096,3.0606939691087987
1.1917,0.02274770736694336,0.0004201434850692749,0.03132357653987323,3.0606939691087987
1.1919,0.02274770736694336,0.0004201434850692749,0.03132357653987323,3.060871828170924
1.2026,0.024403846740722657,0.00047408345341682436,0.03255818418237584,3.060871828170924
1.2041,0.024403846740722657,0.00047408345341682436,0.03255818418237584,3.06170008723341
1.2445,0.02772920608520508,0.0005868428945541382,0.03431221026606529,3.06170008723341
1.2448,0.02772920608520508,0.0005868428945541382,0.03431221026606529,3.0642082657024687
1.2812,0.031020805358886717,0.0007044472098350525,0.03623269894359606,3.0642082657024687
1.2827,0.031020805358886717,0.0007044472098350525,0.03623269894359606,3.0661952592071
1.3129,0.03265830993652344,0.0007650928497314453,0.03701851987727059,3.0661952592071
1.3132,0.03265830993652344,0.0007650928497314453,0.03701851987727059,3.0685841963557134
1.3233,0.034295516967773436,0.0008275115489959717,0.03810664279404059,3.0685841963557134
1.3236,0.034295516967773436,0.0008275115489959717,0.03810664279404059,3.0709490759000855
1.3635,0.03757138061523437,0.0009587385058403015,0.04068856431207161,3.0709490759000855
1.3638,0.03757138061523437,0.0009587385058403015,0.04068856431207161,3.0731394256151487
1.3839,0.039206504821777344,0.001027061700820923,0.041760353881804886,3.0731394256151487
1.3863,0.039206504821777344,0.001027061700820923,0.041760353881804886,3.073807231103841
1.4221,0.04251520538330078,0.0011676962375640869,0.04261229310820285,3.073807231103841
1.4223,0.04251520538330078,0.0011676962375640869,0.04261229310820285,3.072499256393703
1.4520,0.04417336654663086,0.0012390722036361695,0.04301872968168848,3.072499256393703
1.4523,0.04417336654663086,0.0012390722036361695,0.04301872968168848,3.0710537341253272
1.4629,0.04583758544921875,0.0013105754852294922,0.04293871207151996,3.0710537341253272
1.4634,0.04583758544921875,0.0013105754852294922,0.04293871207151996,3.0714662197229496
1.4936,0.04750576400756836,0.0013815867900848389,0.04254249278552932,3.0714662197229496
1.4939,0.04750576400756836,0.0013815867900848389,0.04254249278552932,3.071161270445446
1.5051,0.049207443237304686,0.0014534145593643188,0.04218489883117824,3.071161270445446
1.5054,0.049207443237304686,0.0014534145593643188,0.04218489883117824,3.069755789745799
1.5450,0.052601573944091796,0.0015969114303588867,0.04231477656222961,3.069755789745799
1.5452,0.052601573944091796,0.0015969114303588867,0.04231477656222961,3.0690488816401573
1.5844,0.056011085510253904,0.0017425496578216554,0.04273897726195996,3.0690488816401573
1.5846,0.056011085510253904,0.0017425496578216554,0.04273897726195996,3.0685002656624416
1.5914,0.056011085510253904,0.0017425496578216554,0.04273897726195996,3.0685002656624416
1.5916,0.056011085510253904,0.0017425496578216554,0.04273897726195996,3.0685002656624416
1.6053,0.05771737289428711,0.0018154476881027221,0.042697193633131465,3.0685002656624416
1.6054,0.05771737289428711,0.0018154476881027221,0.042697193633131465,3.0677037313230993
1.6423,0.0594214973449707,0.001888614296913147,0.04290867827579348,3.0677037313230993
1.6425,0.0594214973449707,0.001888614296913147,0.04290867827579348,3.0704071524956973
1.6512,0.06112458038330078,0.0019627736806869505,0.04351670239455617,3.0704071524956973
1.6515,0.06112458038330078,0.0019627736806869505,0.04351670239455617,3.0707151959390604
1.6628,0.06284182357788086,0.0020386507511138915,0.044156681292999975,3.0707151959390604
1.6630,0.06284182357788086,0.0020386507511138915,0.044156681292999975,3.0713717951507062
1.7111,0.06624691772460937,0.0021915388107299804,0.04504717786370947,3.0713717951507062
1.7116,0.06624691772460937,0.0021915388107299804,0.04504717786370947,3.0716183249826763
1.7228,0.0679554443359375,0.002269165277481079,0.045403591935532464,3.0716183249826763
1.7228,0.0679554443359375,0.002269165277481079,0.045403591935532464,3.0721719249075314
1.7511,0.06967579650878906,0.0023477509021759034,0.04564810797897407,3.0721719249075314
1.7531,0.06967579650878906,0.0023477509021759034,0.04564810797897407,3.072171924355953
1.7630,0.07141165924072265,0.002427550792694092,0.04593891289760216,3.072171924355953
1.7633,0.07141165924072265,0.002427550792694092,0.04593891289760216,3.071290489660239
1.7923,0.07314195251464843,0.0025072381496429445,0.04602176655860212,3.071290489660239
1.7925,0.07314195251464843,0.0025072381496429445,0.04602176655860212,3.070063121451798
1.8137,0.07487606811523438,0.002586814641952515,0.045856551519711894,3.070063121451798
1.8139,0.07487606811523438,0.002586814641952515,0.045856551519711894,3.06992841804356
1.8246,0.07659781646728515,0.0026656498908996583,0.04575589566103776,3.06992841804356
1.8248,0.07659781646728515,0.0026656498908996583,0.04575589566103776,3.0701100789122706
1.8653,0.0800536117553711,0.0028249237537384033,0.04617754401939624,3.0701100789122706
1.8656,0.0800536117553711,0.0028249237537384033,0.04617754401939624,3.0746438436505334
1.9078,0.08352764892578125,0.002988485336303711,0.04739532056690854,3.0746438436505334
1.9080,0.08352764892578125,0.002988485336303711,0.04739532056690854,3.079482082328051
1.9220,0.0852647705078125,0.003072092771530151,0.04809280984025433,3.079482082328051
1.9223,0.0852647705078125,0.003072092771530151,0.04809280984025433,3.082236529585454
1.9443,0.08699617767333985,0.003156430244445801,0.04867191778329067,3.082236529585454
1.9446,0.08699617767333985,0.003156430244445801,0.04867191778329067,3.084674108536869
1.9835,0.09045926666259765,0.00332832407951355,0.04978096704385903,3.084674108536869
1.9838,0.09045926666259765,0.00332832407951355,0.04978096704385903,3.0900204164606953
2.0062,0.09219384765625,0.0034145843982696534,0.049688751807702,3.0900204164606953
2.0094,0.09219384765625,0.0034145843982696534,0.049688751807702,3.091376300572639
2.0237,0.09392283630371094,0.0034998767375946046,0.049290729125530335,3.091376300572639
2.0240,0.09392283630371094,0.0034998767375946046,0.049290729125530335,3.0910720844799164
2.0640,0.09740550231933594,0.0036707098484039307,0.048862358932696866,3.0910720844799164
2.0643,0.09740550231933594,0.0036707098484039307,0.048862358932696866,3.094048737626886
2.1065,0.1009130096435547,0.0038399426937103273,0.04796855039042274,3.094048737626886
2.1067,0.1009130096435547,0.0038399426937103273,0.04796855039042274,3.0927567533529525
2.1415,0.10443597412109375,0.0040058822631835935,0.04680470294637221,3.0927567533529525
2.1425,0.10443597412109375,0.0040058822631835935,0.04680470294637221,3.0911872400423475
2.1747,0.10619990539550782,0.004087525844573975,0.046251918084898466,3.0911872400423475
2.1749,0.10619990539550782,0.004087525844573975,0.046251918084898466,3.090196847761875
2.1880,0.10796296691894532,0.004167498111724854,0.045328727210910164,3.090196847761875
2.1883,0.10796296691894532,0.004167498111724854,0.045328727210910164,3.0889358480317193
2.2027,0.10971845245361328,0.004245685577392578,0.04450958921843533,3.0889358480317193
2.2050,0.10971845245361328,0.004245685577392578,0.04450958921843533,3.087110284446211
2.2415,0.11328242492675782,0.004400957107543946,0.04330875648728179,3.087110284446211
2.2418,0.11328242492675782,0.004400957107543946,0.04330875648728179,3.0880038780128003
2.2706,0.11505082702636718,0.004476672649383545,0.04278967538592331,3.0880038780128003
2.2714,0.11505082702636718,0.004476672649383545,0.04278967538592331,3.087393523705174
2.2867,0.11681726837158203,0.004551119804382324,0.04212030803549971,3.087393523705174
2.2869,0.11681726837158203,0.004551119804382324,0.04212030803549971,3.0857160147193037
2.3232,0.1203519287109375,0.004696255207061768,0.04060006273486552,3.0857160147193037
2.3514,0.1203519287109375,0.004696255207061768,0.04060006273486552,3.0830752883371795
2.3596,0.12388394165039063,0.004834729194641113,0.03867201884423269,3.0830752883371795
2.3598,0.12388394165039063,0.004834729194641113,0.03867201884423269,3.0797607853029714
2.3697,0.12388394165039063,0.004834729194641113,0.03867201884423269,3.0797607853029714
2.3716,0.12388394165039063,0.004834729194641113,0.03867201884423269,3.0797607853029714
2.3820,0.12566634368896484,0.004901503086090088,0.03744531236407776,3.0797607853029714
2.3822,0.12566634368896484,0.004901503086090088,0.03744531236407776,3.0775415953418426
2.4110,0.12744203948974608,0.004966017723083496,0.036315983344147915,3.0775415953418426
2.4113,0.12744203948974608,0.004966017723083496,0.036315983344147915,3.0759673084655637
2.4249,0.1292208251953125,0.0050285449028015135,0.0351370619834419,3.0759673084655637
2.4251,0.1292208251953125,0.0050285449028015135,0.0351370619834419,3.07426667229155
2.4618,0.1327916717529297,0.005147740840911865,0.032812793157663375,3.07426667229155
2.4619,0.1327916717529297,0.005147740840911865,0.032812793157663375,3.0703024894203663
2.5037,0.13636485290527345,0.005259672641754151,0.030862277397895748,3.0703024894203663
2.5038,0.13636485290527345,0.005259672641754151,0.030862277397895748,3.0685703725630344
2.5461,0.13991586303710937,0.005366515159606933,0.029981590703191327,3.0685703725630344
2.5464,0.13991586303710937,0.005366515159606933,0.029981590703191327,3.0701460656220756
2.5841,0.14349583435058594,0.005474186420440673,0.03013609127990041,3.0701460656220756
2.5844,0.14349583435058594,0.005474186420440673,0.03013609127990041,3.0735707201929694
2.6232,0.1470205078125,0.00558188772201538,0.030741467555495144,3.0735707201929694
2.6235,0.1470205078125,0.00558188772201538,0.030741467555495144,3.0804002372697044
2.6586,0.15060894775390626,0.00569361400604248,0.03122465244795457,3.0804002372697044
2.6606,0.15060894775390626,0.00569361400604248,0.03122465244795457,3.0823929257370066
2.6704,0.15060894775390626,0.00569361400604248,0.03122465244795457,3.0823929257370066
2.6706,0.15060894775390626,0.00569361400604248,0.03122465244795457,3.0823929257370066
2.6831,0.1523853759765625,0.005748739242553711,0.031021473754038905,3.0823929257370066
2.6832,0.1523853759765625,0.005748739242553711,0.031021473754038905,3.082678791994315
2.7211,0.1559411163330078,0.005855893135070801,0.029698058107160117,3.082678791994315
2.7213,0.1559411163330078,0.005855893135070801,0.029698058107160117,3.078410390110251
2.7639,0.15956460571289063,0.005957221031188965,0.027312375769232098,3.078410390110251
2.7644,0.15956460571289063,0.005957221031188965,0.027312375769232098,3.076311110347663
2.8037,0.16317288208007813,0.006049662590026855,0.025074409815161083,3.076311110347663
2.8039,0.16317288208007813,0.006049662590026855,0.025074409815161083,3.074280498069331
2.8414,0.16681866455078126,0.006136904239654541,0.023565352758951556,3.074280498069331
2.8420,0.16681866455078126,0.006136904239654541,0.023565352758951556,3.071583507216802
2.8814,0.17047654724121095,0.006218284606933594,0.021708030263618353,3.071583507216802
2.8817,0.17047654724121095,0.006218284606933594,0.021708030263618353,3.06985735126266
2.9322,0.17232583618164063,0.006256998062133789,0.02093102592155147,3.06985735126266
2.9324,0.17232583618164063,0.006256998062133789,0.02093102592155147,3.0675284889354835
2.9417,0.17600248718261718,0.006328009605407715,0.018742615539064877,3.0675284889354835
2.9425,0.17600248718261718,0.006328009605407715,0.018742615539064877,3.068757054386788
2.9738,0.17782316589355468,0.006360627174377441,0.017913066847714793,3.068757054386788
2.9741,0.17782316589355468,0.006360627174377441,0.017913066847714793,3.068529856873893
2.9834,0.17964752197265624,0.006392372131347656,0.017398947365584574,3.068529856873893
2.9839,0.17964752197265624,0.006392372131347656,0.017398947365584574,3.0676631771566303
3.0213,0.1832740020751953,0.006453033924102783,0.016479618606445208,3.0676631771566303
3.0389,0.1832740020751953,0.006453033924102783,0.016479618606445208,3.073141113728515
3.0490,0.18508984375,0.006482426643371582,0.016185412269640074,3.073141113728515
3.0493,0.18508984375,0.006482426643371582,0.016185412269640074,3.074565174419402
3.0628,0.1869110565185547,0.006511603832244873,0.01601926431033784,3.074565174419402
3.0628,0.1869110565185547,0.006511603832244873,0.01601926431033784,3.073345178983284
3.0908,0.18875065612792968,0.0065405073165893555,0.015710557906785858,3.073345178983284
3.0911,0.18875065612792968,0.0065405073165893555,0.015710557906785858,3.0699863422076135
3.1082,0.19060101318359374,0.006567549228668213,0.014613443500784418,3.0699863422076135
3.1085,0.19060101318359374,0.006567549228668213,0.014613443500784418,3.0695521674315054
3.1444,0.19424827575683593,0.00661312198638916,0.011762342337614966,3.0695521674315054
3.1446,0.19424827575683593,0.00661312198638916,0.011762342337614966,3.0640163410536942
3.1824,0.19792129516601562,0.006647666454315185,0.008659973003961001,3.0640163410536942
3.1829,0.19792129516601562,0.006647666454315185,0.008659973003961001,3.061018946506333
3.2212,0.20156349182128908,0.0066722526550292965,0.006240059374523855,3.061018946506333
3.2215,0.20156349182128908,0.0066722526550292965,0.006240059374523855,3.06082439502494
3.2615,0.20520809936523438,0.006692760467529297,0.00552836907361825,3.06082439502494
3.2621,0.20520809936523438,0.006692760467529297,0.00552836907361825,3.0588233537503084
3.3018,0.20882235717773437,0.006711501121520996,0.005062334911247222,3.0588233537503084
3.3025,0.20882235717773437,0.006711501121520996,0.005062334911247222,3.058070680796429
3.3300,0.21063967895507812,0.006720252990722656,0.004815777656369164,3.058070680796429
3.3323,0.21063967895507812,0.006720252990722656,0.004815777656369164,3.0574939163771617
3.3435,0.21246153259277345,0.006728357791900634,0.00444868514113686,3.0574939163771617
3.3438,0.21246153259277345,0.006728357791900634,0.00444868514113686,3.0562453204317013
3.3852,0.21606983947753905,0.006742015361785889,0.0034490098002171875,3.0562453204317013
3.3855,0.21606983947753905,0.006742015361785889,0.0034490098002171875,3.0541734591494416
3.4217,0.21965896606445312,0.006748883247375488,0.0013683388085988608,3.0541734591494416
3.4220,0.21965896606445312,0.006748883247375488,0.0013683388085988608,3.049341690150098
3.4337,0.21965896606445312,0.006748883247375488,0.0013683388085988608,3.049341690150098
3.4340,0.21965896606445312,0.006748883247375488,0.0013683388085988608,3.049341690150098
3.4695,0.22147966003417968,0.006749297618865967,0.00022768695104153467,3.049341690150098
3.4696,0.22147966003417968,0.006749297618865967,0.00022768695104153467,3.0477256722684176
3.4807,0.22510133361816406,0.006744201183319092,-0.0019781711720532297,3.0477256722684176
3.4807,0.22510133361816406,0.006744201183319092,-0.0019781711720532297,3.047283164190418
3.5107,0.22692372131347657,0.0067395100593566895,-0.002574149049837258,3.047283164190418
3.5112,0.22692372131347657,0.0067395100593566895,-0.002574149049837258,3.04737400587367
3.5240,0.22874928283691406,0.00673414945602417,-0.002936448341642098,3.04737400587367
3.5254,0.22874928283691406,0.00673414945602417,-0.002936448341642098,3.0465476586836795
3.5618,0.23237615966796876,0.006719999790191651,-0.004307522952146042,3.0465476586836795
3.5620,0.23237615966796876,0.006719999790191651,-0.004307522952146042,3.046288007549264
3.5904,0.234199462890625,0.0067110261917114255,-0.004921661941577031,3.046288007549264
3.5906,0.234199462890625,0.0067110261917114255,-0.004921661941577031,3.04508757619372
3.6022,0.23602520751953124,0.006700933933258057,-0.005527680818345035,3.04508757619372
3.6025,0.23602520751953124,0.006700933933258057,-0.005527680818345035,3.0437865400575763
3.6294,0.23783685302734375,0.00668940019607544,-0.006366455503880337,3.0437865400575763
3.6295,0.23783685302734375,0.00668940019607544,-0.006366455503880337,3.0433125353641075
3.6426,0.2396620330810547,0.006675777912139892,-0.007463301540682612,3.0433125353641075
3.6428,0.2396620330810547,0.006675777912139892,-0.007463301540682612,3.0417206129198546
3.6633,0.24147410583496093,0.006660995960235595,-0.008157283112180613,3.0417206129198546
3.6668,0.24147410583496093,0.006660995960235595,-0.008157283112180613,3.040722126429332
3.7046,0.24509938049316407,0.006627460956573486,-0.009687711080795707,3.040722126429332
3.7049,0.24509938049316407,0.006627460956573486,-0.009687711080795707,3.039914849370893
3.7394,0.2487596435546875,0.006587196826934814,-0.011312227721930182,3.039914849370893
3.7396,0.2487596435546875,0.006587196826934814,-0.011312227721930182,3.0413505985248013
3.7459,0.2487596435546875,0.006587196826934814,-0.011312227721930182,3.0413505985248013
3.7512,0.2487596435546875,0.006587196826934814,-0.011312227721930182,3.0413505985248013
3.7620,0.2505977783203125,0.006565494537353516,-0.011806130275845001,3.0413505985248013
3.7635,0.2505977783203125,0.006565494537353516,-0.011806130275845001,3.0421111682691286
3.8045,0.2542816467285156,0.006519432544708252,-0.012802598686389612,3.0421111682691286
3.8048,0.2542816467285156,0.006519432544708252,-0.012802598686389612,3.043541424795194
3.8444,0.2579171447753906,0.006470404624938965,-0.013688297657011067,3.043541424795194
3.8446,0.2579171447753906,0.006470404624938965,-0.013688297657011067,3.0435066363100094
3.8807,0.26156375122070313,0.006417223930358887,-0.015018613622501866,3.0435066363100094
3.8814,0.26156375122070313,0.006417223930358887,-0.015018613622501866,3.0446255148219246
3.9106,0.26338848876953125,0.006388206005096436,-0.015901118639858002,3.0446255148219246
3.9124,0.26338848876953125,0.006388206005096436,-0.015901118639858002,3.043489702568501
3.9229,0.26522991943359375,0.00635706901550293,-0.016907372284910217,3.043489702568501
3.9231,0.26522991943359375,0.00635706901550293,-0.016907372284910217,3.0422439613941057
3.9616,0.26892181396484377,0.006289286136627197,-0.018833857724101462,3.0422439613941057
3.9618,0.26892181396484377,0.006289286136627197,-0.018833857724101462,3.0392920764300966
3.9635,0.26892181396484377,0.006289286136627197,-0.018833857724101462,3.0392920764300966
3.9653,0.26892181396484377,0.006289286136627197,-0.018833857724101462,3.0392920764300966
4.0038,0.2726441955566406,0.006212831497192383,-0.021075462435092025,3.0392920764300966
4.0038,0.2726441955566406,0.006212831497192383,-0.021075462435092025,3.0363404877147375
4.0345,0.27450784301757813,0.006171436786651612,-0.022208024230029558,3.0363404877147375
4.0347,0.27450784301757813,0.006171436786651612,-0.022208024230029558,3.0348310369398845
4.0491,0.2763975830078125,0.00612748908996582,-0.023251680747012976,3.0348310369398845
4.0494,0.2763975830078125,0.00612748908996582,-0.023251680747012976,3.0336322837869583
4.0630,0.27827374267578125,0.006081984043121338,-0.024249784949637528,3.0336322837869583
4.0632,0.27827374267578125,0.006081984043121338,-0.024249784949637528,3.0328421457154087
4.1009,0.2820404052734375,0.005985094547271729,-0.02611179678142688,3.0328421457154087
4.1013,0.2820404052734375,0.005985094547271729,-0.02611179678142688,3.0303156420998087
4.1312,0.2839237060546875,0.0059347891807556155,-0.02670486949764557,3.0303156420998087
4.1318,0.2839237060546875,0.0059347891807556155,-0.02670486949764557,3.029213907369878
4.1433,0.28582614135742185,0.00588265323638916,-0.02739785651300022,3.029213907369878
4.1435,0.28582614135742185,0.00588265323638916,-0.02739785651300022,3.0287299205723652
4.1821,0.28961566162109376,0.005774147510528564,-0.029091161718406696,3.0287299205723652
4.1824,0.28961566162109376,0.005774147510528564,-0.029091161718406696,3.0238816543566167
4.2211,0.2934072875976563,0.005658826351165771,-0.03079983397474132,3.0238816543566167
4.2213,0.2934072875976563,0.005658826351165771,-0.03079983397474132,3.024236416422945
4.2720,0.2934072875976563,0.005658826351165771,-0.03079983397474132,3.024236416422945
4.2752,0.2953288879394531,0.005598716735839844,-0.031270570424752175,3.024236416422945
4.2755,0.2953288879394531,0.005598716735839844,-0.031270570424752175,3.0242364431819224
4.2850,0.2991220092773437,0.005477590084075928,-0.0320775400722391,3.0242364431819224
4.2852,0.2991220092773437,0.005477590084075928,-0.0320775400722391,3.023835193679284
4.3213,0.3028336791992188,0.005357331752777099,-0.03241306169519,3.023835193679284
4.3216,0.3028336791992188,0.005357331752777099,-0.03241306169519,3.026405583633883
4.3507,0.30469775390625,0.005297544956207275,-0.032062480464067504,3.026405583633883
4.3519,0.30469775390625,0.005297544956207275,-0.032062480464067504,3.0287363383625685
4.3642,0.3065661926269531,0.005238969802856445,-0.031339567636856365,3.0287363383625685
4.3713,0.3065661926269531,0.005238969802856445,-0.031339567636856365,3.0285344100620555
4.3986,0.30842138671875,0.005181728839874267,-0.03084458708291288,3.0285344100620555
4.3989,0.30842138671875,0.005181728839874267,-0.03084458708291288,3.03012515928361
4.4075,0.3102828369140625,0.005124520301818847,-0.03072355740618769,3.03012515928361
4.4085,0.3102828369140625,0.005124520301818847,-0.03072355740618769,3.0285940105522977
4.4457,0.3140338134765625,0.005008066177368164,-0.031234559756115606,3.0285940105522977
4.4459,0.3140338134765625,0.005008066177368164,-0.031234559756115606,3.025941145338821
4.4818,0.3177552795410156,0.004887206554412842,-0.032888218876150274,3.025941145338821
4.4858,0.3177552795410156,0.004887206554412842,-0.032888218876150274,3.0236324981276357
4.5011,0.31962664794921875,0.004824456214904785,-0.03351930275015513,3.0236324981276357
4.5029,0.31962664794921875,0.004824456214904785,-0.03351930275015513,3.0222792813005595
4.5314,0.32150592041015624,0.00476007890701294,-0.03424311474548929,3.0222792813005595
4.5316,0.32150592041015624,0.00476007890701294,-0.03424311474548929,3.0220604003463807
4.5439,0.3233981628417969,0.004693997383117676,-0.0349081830980363,3.0220604003463807
4.5442,0.3233981628417969,0.004693997383117676,-0.0349081830980363,3.021761907154326
4.5812,0.3271570434570312,0.004559409141540527,-0.036040449739096876,3.021761907154326
4.5827,0.3271570434570312,0.004559409141540527,-0.036040449739096876,3.0196414037874146
4.6134,0.32903805541992187,0.004490821838378906,-0.03644666566542619,3.0196414037874146
4.6136,0.32903805541992187,0.004490821838378906,-0.03644666566542619,3.0180137189431244
4.6230,0.33094622802734375,0.0044199366569519045,-0.037131088800778325,3.0180137189431244
4.6242,0.33094622802734375,0.0044199366569519045,-0.037131088800778325,3.0173120664359137
4.6572,0.3328188171386719,0.0043489279747009274,-0.037901813967006884,3.0173120664359137
4.6575,0.3328188171386719,0.0043489279747009274,-0.037901813967006884,3.015185128333095
4.6681,0.3346987609863281,0.004276106357574463,-0.03871639582233424,3.015185128333095
4.6718,0.3346987609863281,0.004276106357574463,-0.03871639582233424,3.0136363539612465
4.6816,0.33656863403320314,0.004202518939971924,-0.03933368227033804,3.0136363539612465
4.6834,0.33656863403320314,0.004202518939971924,-0.03933368227033804,3.0118601280693627
4.7134,0.33844680786132814,0.0041272611618041995,-0.040048531174417625,3.0118601280693627
4.7136,0.33844680786132814,0.0041272611618041995,-0.040048531174417625,3.0105352391946383
4.7236,0.3403385925292969,0.004050647735595703,-0.04047585066042034,3.0105352391946383
4.7239,0.3403385925292969,0.004050647735595703,-0.04047585066042034,3.010910258654211
4.7640,0.344092529296875,0.0038975775241851807,-0.04089709276754634,3.010910258654211
4.7643,0.344092529296875,0.0038975775241851807,-0.04089709276754634,3.0088443536368015
4.8056,0.34786663818359376,0.0037412896156311035,-0.041495397909687544,3.0088443536368015
4.8057,0.34786663818359376,0.0037412896156311035,-0.041495397909687544,3.0079434017980278
4.8446,0.3516751403808594,0.0035857298374176024,-0.04051273550568361,3.0079434017980278
4.8449,0.3516751403808594,0.0035857298374176024,-0.04051273550568361,3.009845975982744
4.8830,0.3554575500488281,0.003437192678451538,-0.03888427997485535,3.009845975982744
4.8841,0.3554575500488281,0.003437192678451538,-0.03888427997485535,3.0095200301145604
4.9243,0.35928872680664065,0.0032918097972869874,-0.03772383050746628,3.0095200301145604
4.9246,0.35928872680664065,0.0032918097972869874,-0.03772383050746628,3.0078250990421216
4.9538,0.36119985961914064,0.0032195913791656493,-0.03777005688514229,3.0078250990421216
4.9540,0.36119985961914064,0.0032195913791656493,-0.03777005688514229,3.0070543363258166
4.9656,0.36312759399414063,0.003145876407623291,-0.03822049772738399,3.0070543363258166
4.9658,0.36312759399414063,0.003145876407623291,-0.03822049772738399,3.005436891171999
5.0163,0.36312759399414063,0.003145876407623291,-0.03822049772738399,3.005436891171999
5.0233,0.36694442749023437,0.0029969148635864257,-0.039189838117952035,3.005436891171999
5.0235,0.36694442749023437,0.0029969148635864257,-0.039189838117952035,3.00283500959933
5.0241,0.36694442749023437,0.0029969148635864257,-0.039189838117952035,3.00283500959933
5.0241,0.36694442749023437,0.0029969148635864257,-0.039189838117952035,3.00283500959933
5.0312,0.3688428649902344,0.0029214327335357667,-0.03973936197415744,3.00283500959933
5.0325,0.3688428649902344,0.0029214327335357667,-0.03973936197415744,3.001933828863328
5.0430,0.3707701110839844,0.0028435342311859133,-0.04039792590027017,3.001933828863328
5.0432,0.3707701110839844,0.0028435342311859133,-0.04039792590027017,3.0010864760132705
5.0878,0.37456655883789064,0.002687190055847168,-0.04129129909290205,3.0010864760132705
5.0882,0.37456655883789064,0.002687190055847168,-0.04129129909290205,2.998356335687546
5.1215,0.37834921264648436,0.002529481649398804,-0.04179156612626005,2.998356335687546
5.1218,0.37834921264648436,0.002529481649398804,-0.04179156612626005,2.997838460956399
5.1508,0.3802499694824219,0.0024497649669647215,-0.04191452162716094,2.997838460956399
5.1520,0.3802499694824219,0.0024497649669647215,-0.04191452162716094,2.997239125798386
5.1643,0.3821568603515625,0.002370153903961182,-0.04172520518170485,2.997239125798386
5.1645,0.3821568603515625,0.002370153903961182,-0.04172520518170485,2.996232505162698
5.2036,0.38596783447265626,0.0022125015258789064,-0.04123696808202069,2.996232505162698
5.2044,0.38596783447265626,0.0022125015258789064,-0.04123696808202069,2.9944498420267744
5.2448,0.38981439208984375,0.002054208755493164,-0.04108982049041004,2.9944498420267744
5.2451,0.38981439208984375,0.002054208755493164,-0.04108982049041004,2.9926969648785025
5.2806,0.3936642761230469,0.0018968372344970704,-0.04082497628355786,2.9926969648785025
5.2819,0.3936642761230469,0.0018968372344970704,-0.04082497628355786,2.9923288970577278
5.3112,0.3955809020996094,0.0018189085721969605,-0.04063670538155687,2.9923288970577278
5.3113,0.3955809020996094,0.0018189085721969605,-0.04063670538155687,2.9915826146012328
5.3232,0.397505126953125,0.0017407609224319458,-0.040589906155662415,2.9915826146012328
5.3251,0.397505126953125,0.0017407609224319458,-0.040589906155662415,2.9909682303121246
5.3637,0.40127001953125,0.0015896344184875488,-0.03981700109018861,2.9909682303121246
5.3640,0.40127001953125,0.0015896344184875488,-0.03981700109018861,2.990956277346183
5.4021,0.405048583984375,0.0014423362016677856,-0.038653709417849604,2.990956277346183
5.4025,0.405048583984375,0.0014423362016677856,-0.038653709417849604,2.989008679024721
5.4410,0.40878848266601564,0.0013020440340042114,-0.03711161328251326,2.989008679024721
5.4412,0.40878848266601564,0.0013020440340042114,-0.03711161328251326,2.988318932019692
5.4462,0.40878848266601564,0.0013020440340042114,-0.03711161328251326,2.988318932019692
5.4479,0.40878848266601564,0.0013020440340042114,-0.03711161328251326,2.988318932019692
5.4619,0.41068319702148437,0.0012324985265731812,-0.03668866396516682,2.988318932019692
5.4625,0.41068319702148437,0.0012324985265731812,-0.03668866396516682,2.9883189211391312
5.4975,0.41254794311523435,0.0011648242473602296,-0.036275758220395915,2.9883189211391312
5.4977,0.41254794311523435,0.0011648242473602296,-0.036275758220395915,2.98575691587406
5.5066,0.4144233093261719,0.0010971146821975707,-0.036089062263371205,2.98575691587406
5.5105,0.4144233093261719,0.0010971146821975707,-0.036089062263371205,2.985927593227264
5.5304,0.41628289794921874,0.0010302475690841676,-0.03594262690286783,2.985927593227264
5.5306,0.41628289794921874,0.0010302475690841676,-0.03594262690286783,2.985448121573974
5.5433,0.41816317749023435,0.000963322639465332,-0.03557820033472602,2.985448121573974
5.5450,0.41816317749023435,0.000963322639465332,-0.03557820033472602,2.986986854160557
5.5806,0.4219566955566406,0.0008315026760101318,-0.03451552644053159,2.986986854160557
5.5818,0.4219566955566406,0.0008315026760101318,-0.03451552644053159,2.9880731106001543
5.6123,0.4238650512695312,0.0007660079002380371,-0.03430669644709631,2.9880731106001543
5.6142,0.4238650512695312,0.0007660079002380371,-0.03430669644709631,2.986803284568908
5.6215,0.4257696228027344,0.0007016296982765198,-0.033788821043788504,2.986803284568908
5.6234,0.4257696228027344,0.0007016296982765198,-0.033788821043788504,2.985841025924322
5.6538,0.4276639404296875,0.0006387357115745545,-0.033189076508491455,2.985841025924322
5.6540,0.4276639404296875,0.0006387357115745545,-0.033189076508491455,2.985506294577484
5.6678,0.42955078125,0.0005764476060867309,-0.03299995438930401,2.985506294577484
5.6681,0.42955078125,0.0005764476060867309,-0.03299995438930401,2.9855847160410307
5.6818,0.4314405822753906,0.0005141398310661315,-0.03295871785204998,2.9855847160410307
5.6819,0.4314405822753906,0.0005141398310661315,-0.03295871785204998,2.985000622460146
5.7105,0.43331045532226564,0.0004534546434879303,-0.032442994749760916,2.985000622460146
5.7143,0.43331045532226564,0.0004534546434879303,-0.032442994749760916,2.9829556702802065
5.7217,0.4351900634765625,0.0003938024640083313,-0.03172563775564134,2.9829556702802065
5.7232,0.4351900634765625,0.0003938024640083313,-0.03172563775564134,2.9833040252507335
5.7547,0.4370756225585937,0.00033512508869171145,-0.031109131886561493,2.9833040252507335
5.7550,0.4370756225585937,0.00033512508869171145,-0.031109131886561493,2.9842932173223495
5.7698,0.4389720764160156,0.0002765003144741058,-0.030902992751247478,2.9842932173223495
5.7700,0.4389720764160156,0.0002765003144741058,-0.030902992751247478,2.9840908012107534
5.7851,0.44089169311523435,0.0002179461419582367,-0.03049364370289089,2.9840908012107534
5.7853,0.44089169311523435,0.0002179461419582367,-0.03049364370289089,2.9821493296476436
5.8216,0.44472698974609376,0.00010316357016563415,-0.029765445591903625,2.9821493296476436
5.8220,0.44472698974609376,0.00010316357016563415,-0.029765445591903625,2.9825813799920438
5.8523,0.446661865234375,4.6254076063632966e-05,-0.02940423017842436,2.9825813799920438
5.8525,0.446661865234375,4.6254076063632966e-05,-0.02940423017842436,2.980977033714015
5.8621,0.4485833740234375,-9.522248059511184e-06,-0.02901921544817166,2.980977033714015
5.8623,0.4485833740234375,-9.522248059511184e-06,-0.02901921544817166,2.980327870715479
5.8914,0.4504813537597656,-6.342615932226182e-05,-0.028392938270168692,2.980327870715479
5.8916,0.4504813537597656,-6.342615932226182e-05,-0.028392938270168692,2.9813756868156562
5.9024,0.4523941955566406,-0.00011667314916849136,-0.02782951723518175,2.9813756868156562
5.9062,0.4523941955566406,-0.00011667314916849136,-0.02782951723518175,2.981375695961468
5.9421,0.45621563720703123,-0.00021895839273929597,-0.026440517183201614,2.981375695961468
5.9426,0.45621563720703123,-0.00021895839273929597,-0.026440517183201614,2.981471314209884
5.9703,0.45809872436523436,-0.0002672743797302246,-0.02565205947188165,2.981471314209884
5.9722,0.45809872436523436,-0.0002672743797302246,-0.02565205947188165,2.981471283727647
5.9868,0.45999407958984373,-0.00031486237049102784,-0.025102239448048427,2.981471283727647
5.9871,0.45999407958984373,-0.00031486237049102784,-0.025102239448048427,2.9818615703679447
6.0232,0.46380636596679686,-0.00040806955099105833,-0.024181730209211372,2.9818615703679447
6.0243,0.46380636596679686,-0.00040806955099105833,-0.024181730209211372,2.980525492565895
6.0646,0.46765020751953124,-0.000499233067035675,-0.02362781930400863,2.980525492565895
6.0647,0.46765020751953124,-0.000499233067035675,-0.02362781930400863,2.9800629632125797
6.1056,0.47151837158203125,-0.0005883688926696777,-0.022836208587368543,2.9800629632125797
6.1058,0.47151837158203125,-0.0005883688926696777,-0.022836208587368543,2.979294772005879
6.1454,0.47535989379882815,-0.0006754627227783203,-0.022573124606842822,2.979294772005879
6.1457,0.47535989379882815,-0.0006754627227783203,-0.022573124606842822,2.980727883549409
6.1833,0.47918896484375,-0.0007571845054626465,-0.020847840262208036,2.980727883549409
6.1835,0.47918896484375,-0.0007571845054626465,-0.020847840262208036,2.98262405354562
6.2211,0.4830254821777344,-0.0008296833038330078,-0.01831434975488738,2.98262405354562
6.2228,0.4830254821777344,-0.0008296833038330078,-0.01831434975488738,2.9852559417101543
6.2634,0.48688204956054687,-0.0008931410312652588,-0.01584980261744579,2.9852559417101543
6.2636,0.48688204956054687,-0.0008931410312652588,-0.01584980261744579,2.9848752171521644
6.2923,0.4888176574707031,-0.0009226744174957275,-0.01525666193864789,2.9848752171521644
6.2924,0.4888176574707031,-0.0009226744174957275,-0.01525666193864789,2.98633575639134
6.3017,0.4907472839355469,-0.000951300323009491,-0.014833794409114412,2.98633575639134
6.3019,0.4907472839355469,-0.000951300323009491,-0.014833794409114412,2.9851133715668086
6.3448,0.4926734313964844,-0.000978826344013214,-0.014289689949649336,2.9851133715668086
6.3452,0.4926734313964844,-0.000978826344013214,-0.014289689949649336,2.9850118229953106
6.3564,0.49460516357421874,-0.0010049986839294435,-0.013547764320733523,2.9850118229953106
6.3566,0.49460516357421874,-0.0010049986839294435,-0.013547764320733523,2.9856827382755284
6.3678,0.49653311157226565,-0.0010292234420776368,-0.012564356240805269,2.9856827382755284
6.3687,0.49653311157226565,-0.0010292234420776368,-0.012564356240805269,2.9856827382755284
6.4042,0.5004288330078125,-0.0010735020637512207,-0.010968374316286479,2.9856827382755284
6.4045,0.5004288330078125,-0.0010735020637512207,-0.010968374316286479,2.9860658361397285
6.4438,0.5042900390625,-0.001111104130744934,-0.009290538620741326,2.9860658361397285
6.4442,0.5042900390625,-0.001111104130744934,-0.009290538620741326,2.9873561923664074
6.4827,0.5081415710449219,-0.001141435742378235,-0.007425541657830146,2.9873561923664074
6.4830,0.5081415710449219,-0.001141435742378235,-0.007425541657830146,2.9873363999056246
6.5107,0.5100509948730468,-0.0011537749767303468,-0.006462196724888289,2.9873363999056246
6.5143,0.5100509948730468,-0.0011537749767303468,-0.006462196724888289,2.989589682281067
6.5433,0.5119648742675781,-0.0011635415554046632,-0.005102952772448968,2.989589682281067
6.5434,0.5119648742675781,-0.0011635415554046632,-0.005102952772448968,2.991195904376934
6.5456,0.5138589477539063,-0.0011699428558349608,-0.0033795949693636584,2.991195904376934
6.5473,0.5138589477539063,-0.0011699428558349608,-0.0033795949693636584,2.993767504925752
6.5817,0.51767236328125,-0.001172949194908142,-5.248619711573721e-05,2.993767504925752
6.5819,0.51767236328125,-0.001172949194908142,-5.248619711573721e-05,2.996368903617982
6.6134,0.51957763671875,-0.0011709376573562622,0.0010557422185758804,2.996368903617982
6.6137,0.51957763671875,-0.0011709376573562622,0.0010557422185758804,2.9966900453683376
6.6253,0.5214810180664062,-0.0011663883924484253,0.002390144726185617,2.9966900453683376
6.6255,0.5214810180664062,-0.0011663883924484253,0.002390144726185617,2.996913175490368
6.6649,0.5253087768554687,-0.0011494113206863403,0.004994798151007753,2.996913175490368
6.6652,0.5253087768554687,-0.0011494113206863403,0.004994798151007753,3.000084163167578
6.7049,0.529151611328125,-0.0011235798597335816,0.00733468967485347,3.000084163167578
6.7051,0.529151611328125,-0.0011235798597335816,0.00733468967485347,3.000895259440453
6.7412,0.5329900512695313,-0.0010893467664718627,0.009320878747023741,3.000895259440453
6.7425,0.5329900512695313,-0.0010893467664718627,0.009320878747023741,3.001256924622747
6.7811,0.5349107666015624,-0.001070142388343811,0.009998099394312478,3.001256924622747
6.7813,0.5349107666015624,-0.001070142388343811,0.009998099394312478,3.0024361809851237
6.8007,0.53875,-0.0010254217386245728,0.012242739419268052,3.0024361809851237
6.8009,0.53875,-0.0010254217386245728,0.012242739419268052,3.003220532719202
6.8106,0.53875,-0.0010254217386245728,0.012242739419268052,3.003220532719202
6.8117,0.53875,-0.0010254217386245728,0.012242739419268052,3.003220553634254
6.8235,0.5406633911132812,-0.0010004509687423706,0.0130498423650818,3.003220553634254
6.8237,0.5406633911132812,-0.0010004509687423706,0.0130498423650818,3.0040340609660325
6.8740,0.5406633911132812,-0.0010004509687423706,0.0130498423650818,3.0040340609660325
6.9084,0.544507568359375,-0.0009474772214889527,0.014060002717626207,3.0040340609660325
6.9086,0.544507568359375,-0.0009474772214889527,0.014060002717626207,3.0022757055121487
6.9088,0.5464359130859375,-0.0009193581342697144,0.014581070813090015,3.0022757055121487
6.9088,0.5464359130859375,-0.0009193581342697144,0.014581070813090015,3.002861276858022
6.9207,0.550336181640625,-0.0008610072731971741,0.015068761321351792,3.002861276858022
6.9238,0.550336181640625,-0.0008610072731971741,0.015068761321351792,3.0007591416788295
6.9325,0.550336181640625,-0.0008610072731971741,0.015068761321351792,3.0007591416788295
6.9327,0.550336181640625,-0.0008610072731971741,0.015068761321351792,3.0007591416788295
6.9458,0.5523152465820312,-0.000830568015575409,0.015379333650547103,3.0007591416788295
6.9461,0.5523152465820312,-0.000830568015575409,0.015379333650547103,3.000232930392177
6.9810,0.55618798828125,-0.0007684754729270936,0.016338449847830182,3.000232930392177
6.9813,0.55618798828125,-0.0007684754729270936,0.016338449847830182,3.000029821755582
7.0130,0.5581419067382812,-0.0007354517579078675,0.016899453331948096,3.000029821755582
7.0131,0.5581419067382812,-0.0007354517579078675,0.016899453331948096,3.0006678177044077
7.0229,0.560084228515625,-0.0007009427547454834,0.0177652618763208,3.0006678177044077
7.0232,0.560084228515625,-0.0007009427547454834,0.0177652618763208,3.0015053548695314
7.0613,0.5639564819335937,-0.0006254796981811524,0.020140917194377633,3.0015053548695314
7.0623,0.5639564819335937,-0.0006254796981811524,0.020140917194377633,3.004417171334968
7.0951,0.5659190063476562,-0.0005828101038932801,0.021738849297362032,3.004417171334968
7.0954,0.5659190063476562,-0.0005828101038932801,0.021738849297362032,3.0051255094968985
7.1079,0.5678894653320312,-0.0005371424555778503,0.02317188183730369,3.0051255094968985
7.1081,0.5678894653320312,-0.0005371424555778503,0.02317188183730369,3.006672372345974
7.1375,0.5718148193359375,-0.0004407915472984314,0.024936832394381013,3.006672372345974
7.1377,0.5718148193359375,-0.0004407915472984314,0.024936832394381013,3.006604161267678
7.1431,0.5718148193359375,-0.0004407915472984314,0.024936832394381013,3.006604161267678
7.1433,0.5718148193359375,-0.0004407915472984314,0.024936832394381013,3.006604161267678
7.1808,0.5757096557617187,-0.0003395192921161652,0.02627183870866741,3.006604161267678
7.1816,0.5757096557617187,-0.0003395192921161652,0.02627183870866741,3.0068414175810396
7.2131,0.5776491088867187,-0.0002873353362083435,0.026900034389893267,3.0068414175810396
7.2133,0.5776491088867187,-0.0002873353362083435,0.026900034389893267,3.0078692790794563
7.2257,0.5796044921875,-0.00023315122723579406,0.027702737501717846,3.0078692790794563
7.2259,0.5796044921875,-0.00023315122723579406,0.027702737501717846,3.007517828090614
7.2614,0.5834771118164063,-0.0001204473078250885,0.029582422814312007,3.007517828090614
7.2616,0.5834771118164063,-0.0001204473078250885,0.029582422814312007,3.010724556813212
7.2932,0.5854080200195313,-6.156421080231666e-05,0.03048592589091533,3.010724556813212
7.2934,0.5854080200195313,-6.156421080231666e-05,0.03048592589091533,3.0115704618976378
7.3031,0.587365234375,-1.7696991562843324e-07,0.03135467924549732,3.0115704618976378
7.3034,0.587365234375,-1.7696991562843324e-07,0.03135467924549732,3.0122234568613444
7.3420,0.5912327270507812,0.0001281389594078064,0.033800765411899775,3.0122234568613444
7.3422,0.5912327270507812,0.0001281389594078064,0.033800765411899775,3.0165250322066526
7.3700,0.5931901245117187,0.00019694647192955016,0.035137930377828884,3.0165250322066526
7.3713,0.5931901245117187,0.00019694647192955016,0.035137930377828884,3.018513930752527
7.3843,0.595156982421875,0.0002685745656490326,0.03640146315328129,3.018513930752527
7.3844,0.595156982421875,0.0002685745656490326,0.03640146315328129,3.0209782281062165
7.4240,0.5990799560546874,0.0004203181266784668,0.03936452033347903,3.0209782281062165
7.4243,0.5990799560546874,0.0004203181266784668,0.03936452033347903,3.0308952311314914
7.4572,0.6010546264648438,0.0005013687610626221,0.041021503478302856,3.0308952311314914
7.4574,0.6010546264648438,0.0005013687610626221,0.041021503478302856,3.0330469665572406
7.4624,0.6030243530273437,0.0005844252109527588,0.04214198615967064,3.0330469665572406
7.4627,0.6030243530273437,0.0005844252109527588,0.04214198615967064,3.0358412181401455
7.4906,0.6049681396484375,0.0006680984497070313,0.04302052278927002,3.0358412181401455
7.4916,0.6049681396484375,0.0006680984497070313,0.04302052278927002,3.0391394978200283
7.5052,0.60689501953125,0.0007524375915527344,0.04374179750505556,3.0391394978200283
7.5055,0.60689501953125,0.0007524375915527344,0.04374179750505556,3.038234238269761
7.5447,0.6107444458007812,0.0009239617586135864,0.04469162994457575,3.038234238269761
7.5450,0.6107444458007812,0.0009239617586135864,0.04469162994457575,3.0363400090740043
7.5813,0.614563720703125,0.0010949071645736694,0.04474997018035162,3.0363400090740043
7.5815,0.614563720703125,0.0010949071645736694,0.04474997018035162,3.034996040485141
7.6135,0.6164708251953125,0.00118043053150177,0.044814520955633506,3.034996040485141
7.6137,0.6164708251953125,0.00118043053150177,0.044814520955633506,3.03547548991025
7.6248,0.61839697265625,0.0012674190998077392,0.04513184545739401,3.03547548991025
7.6248,0.61839697265625,0.0012674190998077392,0.04513184545739401,3.0361271040250513
7.6618,0.6222429809570312,0.0014426614046096802,0.04568795834035893,3.0361271040250513
7.6620,0.6222429809570312,0.0014426614046096802,0.04568795834035893,3.0383977883822455
7.6934,0.6241621704101562,0.0015315347909927368,0.04627538501148717,3.0383977883822455
7.6936,0.6241621704101562,0.0015315347909927368,0.04627538501148717,3.038397779613846
7.7015,0.6260960693359375,0.0016223636865615844,0.04693257176690125,3.038397779613846
7.7033,0.6260960693359375,0.0016223636865615844,0.04693257176690125,3.039490455914623
7.7439,0.6299354248046874,0.0018057016134262085,0.04792259622023784,3.039490455914623
7.7442,0.6299354248046874,0.0018057016134262085,0.04792259622023784,3.0448207777248295
7.7785,0.6338141479492188,0.001994392395019531,0.04874788931337993,3.0448207777248295
7.7788,0.6338141479492188,0.001994392395019531,0.04874788931337993,3.0457692055317716
7.7855,0.6338141479492188,0.001994392395019531,0.04874788931337993,3.0457692055317716
7.7857,0.6338141479492188,0.001994392395019531,0.04874788931337993,3.0457692055317716
7.8247,0.637673095703125,0.0021828134059906005,0.048724186154028286,3.0457692055317716
7.8249,0.637673095703125,0.0021828134059906005,0.048724186154028286,3.0465805669402855
7.8419,0.6395960693359375,0.0022764952182769776,0.04867878669192045,3.0465805669402855
7.8454,0.6395960693359375,0.0022764952182769776,0.04867878669192045,3.046405543830608
7.8808,0.643448486328125,0.0024644460678100587,0.04869346867954878,3.046405543830608
7.8825,0.643448486328125,0.0024644460678100587,0.04869346867954878,3.0477347528124925
7.9109,0.645369384765625,0.0025575401782989503,0.04842597967879409,3.0477347528124925
7.9130,0.645369384765625,0.0025575401782989503,0.04842597967879409,3.0477347427905994
7.9231,0.6473040161132813,0.00265104603767395,0.04829555796774312,3.0477347427905994
7.9268,0.6473040161132813,0.00265104603767395,0.04829555796774312,3.0460023756570536
7.9565,0.6511658935546875,0.002836259126663208,0.04771951807049917,3.0460023756570536
7.9582,0.6511658935546875,0.002836259126663208,0.04771951807049917,3.0463950620249287
7.9699,0.6511658935546875,0.002836259126663208,0.04771951807049917,3.0463950620249287
7.9702,0.6511658935546875,0.002836259126663208,0.04771951807049917,3.0463950620249287
7.9824,0.6530978393554687,0.0029271790981292723,0.0470267867766818,3.0463950620249287
7.9845,0.6530978393554687,0.0029271790981292723,0.0470267867766818,3.044762842022424
8.0137,0.6550318603515625,0.003017178773880005,0.04650093716622278,3.044762842022424
8.0140,0.6550318603515625,0.003017178773880005,0.04650093716622278,3.0422051024782135
8.0298,0.65696728515625,0.0031064326763153077,0.046083562976345506,3.0422051024782135
8.0300,0.65696728515625,0.0031064326763153077,0.046083562976345506,3.0406870776824544
8.0427,0.6589102783203125,0.003194237470626831,0.04515996930048718,3.0406870776824544
8.0429,0.6589102783203125,0.003194237470626831,0.04515996930048718,3.0396215923296666
8.0816,0.6628159790039062,0.003365462779998779,0.043364661702866715,3.0396215923296666
8.0823,0.6628159790039062,0.003365462779998779,0.043364661702866715,3.0351409885134526
8.1122,0.6647686157226562,0.0034482321739196776,0.04236343885170027,3.0351409885134526
8.1125,0.6647686157226562,0.0034482321739196776,0.04236343885170027,3.0335602674999755
8.1225,0.666722900390625,0.00352852201461792,0.04106033958481443,3.0335602674999755
8.1247,0.666722900390625,0.00352852201461792,0.04106033958481443,3.031992661170807
8.1624,0.67064111328125,0.0036829233169555662,0.03885802083285994,3.031992661170807
8.1627,0.67064111328125,0.0036829233169555662,0.03885802083285994,3.028814063563391
8.1906,0.6726053466796875,0.003757802963256836,0.03810350066504343,3.028814063563391
8.1908,0.6726053466796875,0.003757802963256836,0.03810350066504343,3.0278293989381124
8.2038,0.6745602416992188,0.0038307650089263916,0.0373055763907849,3.0278293989381124
8.2040,0.6745602416992188,0.0038307650089263916,0.0373055763907849,3.0263362070017723
8.2467,0.6784737548828125,0.003971128225326538,0.03533578195717889,3.0263362070017723
8.2469,0.6784737548828125,0.003971128225326538,0.03533578195717889,3.0205884014617324
8.2809,0.682392578125,0.0040997881889343266,0.031732556340405976,3.0205884014617324
8.2817,0.682392578125,0.0040997881889343266,0.031732556340405976,3.01139042914975
8.3145,0.6843628540039063,0.0041578211784362796,0.02944523899429027,3.01139042914975
8.3148,0.6843628540039063,0.0041578211784362796,0.02944523899429027,3.009292132535101
8.3297,0.6863450317382812,0.004212892532348632,0.027776128292674663,3.009292132535101
8.3299,0.6863450317382812,0.004212892532348632,0.027776128292674663,3.0088167329872766
8.3443,0.68831298828125,0.0042661972045898435,0.027079464931079652,3.0088167329872766
8.3446,0.68831298828125,0.0042661972045898435,0.027079464931079652,3.0126194942170414
8.3842,0.6922312622070312,0.004375699996948242,0.028516944738088062,3.0126194942170414
8.3843,0.6922312622070312,0.004375699996948242,0.028516944738088062,3.0230104691910475
8.4248,0.6961641235351562,0.0044973411560058595,0.03183336880396879,3.0230104691910475
8.4250,0.6961641235351562,0.0044973411560058595,0.03183336880396879,3.03139496029728
8.4627,0.7000673217773438,0.004629629611968994,0.034353466362799054,3.03139496029728
8.4629,0.7000673217773438,0.004629629611968994,0.034353466362799054,3.032520054361925
8.4967,0.70398828125,0.004766850471496582,0.03506600879290044,3.032520054361925
8.4986,0.70398828125,0.004766850471496582,0.03506600879290044,3.0317852661360765
8.5085,0.70398828125,0.004766850471496582,0.03506600879290044,3.0317852661360765
8.5088,0.70398828125,0.004766850471496582,0.03506600879290044,3.0317852661360765
8.5234,0.7059567260742188,0.0048364377021789555,0.03533667434057422,3.0317852661360765
8.5237,0.7059567260742188,0.0048364377021789555,0.03533667434057422,3.034040912588036
8.5505,0.7079307861328125,0.004907351493835449,0.03590698796106182,3.034040912588036
8.5557,0.7079307861328125,0.004907351493835449,0.03590698796106182,3.0358426557871776
8.5623,0.7099085083007812,0.004979910850524902,0.03667206598059921,3.0358426557871776
8.5624,0.7099085083007812,0.004979910850524902,0.03667206598059921,3.038228991670716
8.5863,0.7118736572265625,0.005054208755493164,0.037789540099686075,3.038228991670716
8.5864,0.7118736572265625,0.005054208755493164,0.037789540099686075,3.041215668393546
8.6251,0.7157520141601562,0.005205056667327881,0.03919984394809302,3.041215668393546
8.6253,0.7157520141601562,0.005205056667327881,0.03919984394809302,3.0430793773751628
8.6613,0.7196248779296875,0.005358956336975098,0.03977043373543117,3.0430793773751628
8.6615,0.7196248779296875,0.005358956336975098,0.03977043373543117,3.04632353400936
8.6853,0.7215599365234375,0.005436843395233155,0.040228139411921805,3.04632353400936
8.6856,0.7215599365234375,0.005436843395233155,0.040228139411921805,3.0492186558388856
8.7189,0.725447021484375,0.005596557140350342,0.04132971418440366,3.0492186558388856
8.7191,0.725447021484375,0.005596557140350342,0.04132971418440366,3.0512321005403065
8.7240,0.725447021484375,0.005596557140350342,0.04132971418440366,3.0512321005403065
8.7242,0.725447021484375,0.005596557140350342,0.04132971418440366,3.0512321005403065
8.7462,0.7273877563476563,0.005676882743835449,0.04136588397731639,3.0512321005403065
8.7465,0.7273877563476563,0.005676882743835449,0.04136588397731639,3.0525088312687862
8.7816,0.7312589111328125,0.0058357219696044925,0.040934648909589005,3.0525088312687862
8.7824,0.7312589111328125,0.0058357219696044925,0.040934648909589005,3.0536811323912882
8.8248,0.7351513061523437,0.005994747161865235,0.04077679766159005,3.0536811323912882
8.8252,0.7351513061523437,0.005994747161865235,0.04077679766159005,3.0553784446012346
8.8615,0.7390397338867187,0.006151747703552246,0.04031210628315787,3.0553784446012346
8.8615,0.7390397338867187,0.006151747703552246,0.04031210628315787,3.060677995842153
8.8952,0.7410029296875,0.006231142520904541,0.04041957718639187,3.060677995842153
8.8953,0.7410029296875,0.006231142520904541,0.04041957718639187,3.064233063479647
8.9150,0.7429652709960938,0.00631072473526001,0.04053287585375174,3.064233063479647
8.9154,0.7429652709960938,0.00631072473526001,0.04053287585375174,3.0646214381394694
8.9246,0.74492626953125,0.006389571666717529,0.04018613180108525,3.0646214381394694
8.9249,0.74492626953125,0.006389571666717529,0.04018613180108525,3.062413930838724
8.9636,0.748846435546875,0.006543464183807373,0.03893214367130216,3.062413930838724
8.9746,0.748846435546875,0.006543464183807373,0.03893214367130216,3.0609111716082458
8.9844,0.750790771484375,0.006617598533630371,0.03811029329629945,3.0609111716082458
8.9846,0.750790771484375,0.006617598533630371,0.03811029329629945,3.061308850564464
9.0218,0.7547011108398437,0.006761601448059082,0.03646576450277845,3.061308850564464
9.0219,0.7547011108398437,0.006761601448059082,0.03646576450277845,3.0655338723232903
9.0619,0.75864892578125,0.006904837608337403,0.03623368663137756,3.0655338723232903
9.0626,0.75864892578125,0.006904837608337403,0.03623368663137756,3.073612917456129
9.0908,0.7606240234375,0.006976212501525879,0.036121920901160155,3.073612917456129
9.0943,0.7606240234375,0.006976212501525879,0.036121920901160155,3.07586598456906
9.1025,0.7626016235351563,0.007047397613525391,0.0359798141988617,3.07586598456906
9.1028,0.7626016235351563,0.007047397613525391,0.0359798141988617,3.075865967383642
9.1429,0.76651904296875,0.00718481969833374,0.03454873078472191,3.075865967383642
9.1431,0.76651904296875,0.00718481969833374,0.03454873078472191,3.074892042095452
9.1839,0.77047705078125,0.0073154916763305666,0.0324222946705162,3.074892042095452
9.1867,0.77047705078125,0.0073154916763305666,0.0324222946705162,3.075724130942647
9.2252,0.774442626953125,0.007437592506408692,0.030305222788563325,3.075724130942647
9.2255,0.774442626953125,0.007437592506408692,0.030305222788563325,3.082117557134152
9.2591,0.7784027099609375,0.007553441524505615,0.02887228606572352,3.082117557134152
9.2598,0.7784027099609375,0.007553441524505615,0.02887228606572352,3.0837242625609047
9.2661,0.7784027099609375,0.007553441524505615,0.02887228606572352,3.0837242625609047
9.2663,0.7784027099609375,0.007553441524505615,0.02887228606572352,3.0837242625609047
9.3048,0.7823162231445312,0.0076607723236083985,0.0269863695891965,3.0837242625609047
9.3052,0.7823162231445312,0.0076607723236083985,0.0269863695891965,3.083350195688902
9.3453,0.7862613525390625,0.007761963844299316,0.025155535222809746,3.083350195688902
9.3455,0.7862613525390625,0.007761963844299316,0.025155535222809746,3.08080411459469
9.3958,0.7862613525390625,0.007761963844299316,0.025155535222809746,3.08080411459469
9.4462,0.7862613525390625,0.007761963844299316,0.025155535222809746,3.08080411459469
9.4492,0.7902186279296874,0.007854119777679443,0.022582650131814295,3.08080411459469
9.4494,0.7902186279296874,0.007854119777679443,0.022582650131814295,3.07972480028999
9.4496,0.7942268676757812,0.007936534404754638,0.01987099751519959,3.07972480028999
9.4496,0.7942268676757812,0.007936534404754638,0.01987099751519959,3.082041258524686
9.4498,0.7942268676757812,0.007936534404754638,0.01987099751519959,3.082041258524686
9.4498,0.7942268676757812,0.007936534404754638,0.01987099751519959,3.082041258524686
9.4538,0.7962474365234375,0.007974274635314941,0.018676139423449797,3.082041258524686
9.4540,0.7962474365234375,0.007974274635314941,0.018676139423449797,3.0873401163682574
9.4664,0.7982620239257813,0.008009503364562989,0.017485213791506637,3.0873401163682574
9.4687,0.7982620239257813,0.008009503364562989,0.017485213791506637,3.0914714276286324
9.4842,0.8003036499023437,0.008043276786804198,0.016540996963217456,3.0914714276286324
9.4863,0.8003036499023437,0.008043276786804198,0.016540996963217456,3.092993732131622
9.5224,0.80429541015625,0.008102547645568848,0.014176262424071238,3.092993732131622
9.5227,0.80429541015625,0.008102547645568848,0.014176262424071238,3.094282377800218
9.5506,0.8062750244140625,0.00812784481048584,0.012778083502860861,3.094282377800218
9.5508,0.8062750244140625,0.00812784481048584,0.012778083502860861,3.093410013221924
9.5664,0.8082630004882813,0.00815061855316162,0.011454998869335549,3.093410013221924
9.5665,0.8082630004882813,0.00815061855316162,0.011454998869335549,3.0922586934387617
9.6027,0.8122052001953125,0.00818803596496582,0.00880294315899483,3.0922586934387617
9.6029,0.8122052001953125,0.00818803596496582,0.00880294315899483,3.094522002850315
9.6412,0.8161839599609375,0.008217661857604981,0.007044982334351761,3.094522002850315
9.6431,0.8161839599609375,0.008217661857604981,0.007044982334351761,3.099409584627768
9.6707,0.818164794921875,0.008229290962219239,0.005870698631661755,3.099409584627768
9.6723,0.818164794921875,0.008229290962219239,0.005870698631661755,3.098786598469401
9.6824,0.8201222534179687,0.00823754596710205,0.004217075589014528,3.098786598469401
9.6842,0.8201222534179687,0.00823754596710205,0.004217075589014528,3.097775703080793
9.7219,0.82404638671875,0.008244060516357421,0.000833979621929572,3.097775703080793
9.7227,0.82404638671875,0.008244060516357421,0.000833979621929572,3.0971028738835042
9.7511,0.8260252685546875,0.008242301940917969,-0.0008885638781946324,3.0971028738835042
9.7523,0.8260252685546875,0.008242301940917969,-0.0008885638781946324,3.097424742628835
9.7618,0.8280120239257812,0.008236567497253417,-0.0028863147951392427,3.097424742628835
9.7640,0.8280120239257812,0.008236567497253417,-0.0028863147951392427,3.0988140084657614
9.8006,0.831931396484375,0.008213233947753907,-0.006959999819328311,3.0988140084657614
9.8008,0.831931396484375,0.008213233947753907,-0.006959999819328311,3.0981609766211324
9.8018,0.831931396484375,0.008213233947753907,-0.006959999819328311,3.0981609766211324
9.8060,0.831931396484375,0.008213233947753907,-0.006959999819328311,3.0981609766211324
9.8446,0.8358640747070313,0.008173663139343262,-0.01113505268957284,3.0981609766211324
9.8449,0.8358640747070313,0.008173663139343262,-0.01113505268957284,3.0977096629763365
9.8848,0.8397758178710938,0.008118919372558594,-0.014940550853574376,3.0977096629763365
9.8850,0.8397758178710938,0.008118919372558594,-0.014940550853574376,3.094611159962745
9.9220,0.84375390625,0.008048954010009766,-0.018484400590233343,3.094611159962745
9.9224,0.84375390625,0.008048954010009766,-0.018484400590233343,3.094253543139515
9.9534,0.8457432861328125,0.008008574485778809,-0.020294993837143345,3.094253543139515
9.9536,0.8457432861328125,0.008008574485778809,-0.020294993837143345,3.095702642644897
9.9628,0.8477601318359375,0.007964210987091064,-0.021992925951111623,3.095702642644897
9.9630,0.8477601318359375,0.007964210987091064,-0.021992925951111623,3.0946946152161656
9.9959,0.849771728515625,0.007916441440582275,-0.023742764336671243,3.0946946152161656
9.9962,0.849771728515625,0.007916441440582275,-0.023742764336671243,3.0970730853446957
10.0077,0.8517798461914062,0.007865170001983642,-0.025526341894981323,3.0970730853446957
10.0094,0.8517798461914062,0.007865170001983642,-0.025526341894981323,3.100759500595324
10.0229,0.8538162231445312,0.007809523105621338,-0.027319612542672275,3.100759500595324
10.0230,0.8538162231445312,0.007809523105621338,-0.027319612542672275,3.102869266279738
10.0613,0.8577252807617187,0.007691911220550537,-0.031007905049146307,3.102869266279738
10.0615,0.8577252807617187,0.007691911220550537,-0.031007905049146307,3.104953288522769
10.0909,0.8596906127929688,0.007627312183380127,-0.03285789056087969,3.104953288522769
10.0911,0.8596906127929688,0.007627312183380127,-0.03285789056087969,3.106333731460003
10.1048,0.86166015625,0.0075582356452941896,-0.03505750048563291,3.106333731460003
10.1067,0.86166015625,0.0075582356452941896,-0.03505750048563291,3.108224628585773
10.1419,0.865608642578125,0.007404431343078614,-0.040249192887453426,3.108224628585773
10.1421,0.865608642578125,0.007404431343078614,-0.040249192887453426,3.1075463241759573
10.1709,0.8675975952148437,0.007318696975708008,-0.04307898872561084,3.1075463241759573
10.1718,0.8675975952148437,0.007318696975708008,-0.04307898872561084,3.109128471527286
10.1821,0.8695895385742187,0.007226944923400879,-0.04602837027350514,3.109128471527286
10.1823,0.8695895385742187,0.007226944923400879,-0.04602837027350514,3.111963271552515
10.2107,0.8715916137695312,0.007129356861114502,-0.04870455547057373,3.111963271552515
10.2116,0.8715916137695312,0.007129356861114502,-0.04870455547057373,3.1161148539093873
10.2227,0.8736076049804687,0.00702581262588501,-0.05131605099622969,3.1161148539093873
10.2227,0.8736076049804687,0.00702581262588501,-0.05131605099622969,3.114804270499028
10.2538,0.8755863647460937,0.006918586254119873,-0.05413577410617996,3.114804270499028
10.2541,0.8755863647460937,0.006918586254119873,-0.05413577410617996,3.115726470667666
10.2628,0.8775634765625,0.0068053784370422366,-0.05719762457124909,3.115726470667666
10.2630,0.8775634765625,0.0068053784370422366,-0.05719762457124909,3.1160812356045877
10.3041,0.881519775390625,0.006560336112976075,-0.06342912386510446,3.1160812356045877
10.3043,0.881519775390625,0.006560336112976075,-0.06342912386510446,3.1168982953365907
10.3443,0.8854244384765625,0.006292934894561768,-0.07006056561113488,3.1168982953365907
10.3445,0.8854244384765625,0.006292934894561768,-0.07006056561113488,3.1195142233323496
10.3820,0.889297119140625,0.00599967098236084,-0.07759457561380384,3.1195142233323496
10.3847,0.889297119140625,0.00599967098236084,-0.07759457561380384,3.115935085440325
10.4212,0.8931806640625,0.005675247192382812,-0.08526196387687852,3.115935085440325
10.4213,0.8931806640625,0.005675247192382812,-0.08526196387687852,3.111703871261436
10.4627,0.8970938720703125,0.0053168807029724124,-0.09332255838719099,3.111703871261436
10.4631,0.8970938720703125,0.0053168807029724124,-0.09332255838719099,3.109052902073621
10.4947,0.8990604858398438,0.00512546443939209,-0.09702763083718755,3.109052902073621
10.4949,0.8990604858398438,0.00512546443939209,-0.09702763083718755,3.10811018919139
10.5085,0.9010353393554688,0.004926693439483642,-0.10031401778405348,3.10811018919139
10.5088,0.9010353393554688,0.004926693439483642,-0.10031401778405348,3.1075730306520293
10.5238,0.9029923095703125,0.004723511695861817,-0.10345341412259247,3.1075730306520293
10.5244,0.9029923095703125,0.004723511695861817,-0.10345341412259247,3.1072246999261663
10.5623,0.9069024658203125,0.004299479484558106,-0.10942722457232866,3.1072246999261663
10.5625,0.9069024658203125,0.004299479484558106,-0.10942722457232866,3.1077308681462186
10.5992,0.9088862915039062,0.004076563835144043,-0.1118983957230875,3.1077308681462186
10.5995,0.9088862915039062,0.004076563835144043,-0.1118983957230875,3.108686685976298
10.6165,0.9108712768554688,0.003848517417907715,-0.11438275239843686,3.108686685976298
10.6165,0.9108712768554688,0.003848517417907715,-0.11438275239843686,3.1108927807212265
10.6317,0.9128563842773437,0.0036149747371673584,-0.11710759715910633,3.1108927807212265
10.6320,0.9128563842773437,0.0036149747371673584,-0.11710759715910633,3.112664457292276
10.6425,0.9148265991210938,0.0033778796195983885,-0.11976296175250128,3.112664457292276
10.6426,0.9148265991210938,0.0033778796195983885,-0.11976296175250128,3.1122794113430086
10.6709,0.9168011474609375,0.0031341140270233154,-0.12283087961296742,3.1122794113430086
10.6711,0.9168011474609375,0.0031341140270233154,-0.12283087961296742,3.1157991866932
10.6836,0.9187938232421875,0.002881845712661743,-0.1259289206938604,3.1157991866932
10.6844,0.9187938232421875,0.002881845712661743,-0.1259289206938604,3.116604570471152
10.7216,0.9227496337890625,0.0023630073070526124,-0.1318939360658121,3.116604570471152
10.7218,0.9227496337890625,0.0023630073070526124,-0.1318939360658121,3.125684738787854
10.7512,0.9247416381835938,0.0020930774211883546,-0.1346861141961189,3.125684738787854
10.7526,0.9247416381835938,0.0020930774211883546,-0.1346861141961189,3.1243312356761543
10.7628,0.9267293701171875,0.001817801833152771,-0.13761104289894474,3.1243312356761543
10.7636,0.9267293701171875,0.001817801833152771,-0.13761104289894474,3.1234843720610757
10.8058,0.9306580200195312,0.0012543845176696778,-0.14412797294919644,3.1234843720610757
10.8059,0.9306580200195312,0.0012543845176696778,-0.14412797294919644,3.1226513376673037
10.8411,0.9346371459960937,0.0006557652950286865,-0.1511032744731331,3.1226513376673037
10.8418,0.9346371459960937,0.0006557652950286865,-0.1511032744731331,3.123309134679564
10.8698,0.9366266479492188,0.0003456346690654755,-0.1546409335698423,3.123309134679564
10.8700,0.9366266479492188,0.0003456346690654755,-0.1546409335698423,3.1252522479757023
10.8823,0.9386260375976563,2.7463316917419432e-05,-0.1578123928138531,3.1252522479757023
10.8826,0.9386260375976563,2.7463316917419432e-05,-0.1578123928138531,3.126673220858379
10.9139,0.9406383666992187,-0.0002995379865169525,-0.16109063204508658,3.126673220858379
10.9141,0.9406383666992187,-0.0002995379865169525,-0.16109063204508658,3.1222636671981037
10.9265,0.9426285400390625,-0.0006298092603683472,-0.16445050910067205,3.1222636671981037
10.9278,0.9426285400390625,-0.0006298092603683472,-0.16445050910067205,3.1202282928220733
10.9433,0.9446185302734375,-0.0009674897789955139,-0.16808927160055195,3.1202282928220733
10.9435,0.9446185302734375,-0.0009674897789955139,-0.16808927160055195,3.117656949892452
10.9780,0.9485448608398438,-0.001656116008758545,-0.17544513590841682,3.117656949892452
10.9785,0.9485448608398438,-0.001656116008758545,-0.17544513590841682,3.1148338314323585
10.9834,0.9485448608398438,-0.001656116008758545,-0.17544513590841682,3.1148338314323585
10.9836,0.9485448608398438,-0.001656116008758545,-0.17544513590841682,3.1148338314323585
11.0232,0.9524906005859375,-0.0023776183128356933,-0.18270762410552596,3.1148338314323585
11.0236,0.9524906005859375,-0.0023776183128356933,-0.18270762410552596,3.114992142181442
11.0416,0.9544373779296875,-0.0027448532581329345,-0.1864463550485939,3.114992142181442
11.0431,0.9544373779296875,-0.0027448532581329345,-0.1864463550485939,3.115580794291057
11.0704,0.9564044189453125,-0.003123112678527832,-0.18998042269285945,3.115580794291057
11.0722,0.9564044189453125,-0.003123112678527832,-0.18998042269285945,3.1148388412084747
11.0825,0.9583768920898438,-0.0035091516971588136,-0.19326858236419855,3.1148388412084747
11.0827,0.9583768920898438,-0.0035091516971588136,-0.19326858236419855,3.116371867045328
11.1137,0.96035205078125,-0.003902606248855591,-0.19662879193008495,3.116371867045328
11.1139,0.96035205078125,-0.003902606248855591,-0.19662879193008495,3.119151829222744
11.1262,0.9623284301757813,-0.004303309917449951,-0.20003584970644728,3.119151829222744
11.1264,0.9623284301757813,-0.004303309917449951,-0.20003584970644728,3.1211287973837125
11.1644,0.966283935546875,-0.0051262683868408205,-0.20681373385971494,3.1211287973837125
11.1646,0.966283935546875,-0.0051262683868408205,-0.20681373385971494,3.1228113132573774
11.2045,0.9701807861328124,-0.0059652128219604495,-0.21389170255744702,3.1228113132573774
11.2048,0.9701807861328124,-0.0059652128219604495,-0.21389170255744702,3.120019673581641
11.2458,0.9740725708007812,-0.006833944320678711,-0.22161981138499579,3.120019673581641
11.2460,0.9740725708007812,-0.006833944320678711,-0.22161981138499579,3.1177239402319263
11.2823,0.9780020141601562,-0.0077441449165344236,-0.22967975174441352,3.1177239402319263
11.2824,0.9780020141601562,-0.0077441449165344236,-0.22967975174441352,3.116934540596228
11.3294,0.9819243774414063,-0.008687960624694823,-0.23822913737955934,3.116934540596228
11.3297,0.9819243774414063,-0.008687960624694823,-0.23822913737955934,3.1154480001020017
11.3436,0.9838960571289063,-0.009175470352172851,-0.2423956451716611,3.1154480001020017
11.3438,0.9838960571289063,-0.009175470352172851,-0.2423956451716611,3.1167306957177017
11.3855,0.98781787109375,-0.010169173240661621,-0.2499920652571814,3.1167306957177017
11.3858,0.98781787109375,-0.010169173240661621,-0.2499920652571814,3.1240975864391505
11.4227,0.9917113647460938,-0.011185680389404297,-0.25716986107166884,3.1240975864391505
11.4229,0.9917113647460938,-0.011185680389404297,-0.25716986107166884,3.127875563983588
11.4619,0.9955228881835938,-0.012212380409240723,-0.2651943666912699,3.127875563983588
11.4620,0.9955228881835938,-0.012212380409240723,-0.2651943666912699,3.1259527184700264
11.4919,0.9974104614257813,-0.012733668327331542,-0.26945396141189776,3.1259527184700264
11.4922,0.9974104614257813,-0.012733668327331542,-0.26945396141189776,3.127396819109075
11.5046,0.9993167114257813,-0.013268797874450684,-0.273677469285462,3.127396819109075
11.5047,0.9993167114257813,-0.013268797874450684,-0.273677469285462,3.1263806825193723
11.5426,1.0031280517578125,-0.014365893363952636,-0.2824574158832791,3.1263806825193723
11.5428,1.0031280517578125,-0.014365893363952636,-0.2824574158832791,3.1284909251718
11.5826,1.0069016723632813,-0.015489410400390625,-0.29168608098770127,3.1284909251718
11.5828,1.0069016723632813,-0.015489410400390625,-0.29168608098770127,3.126497984612007
11.6156,1.0088088989257813,-0.016071290969848634,-0.2961227313234909,3.126497984612007
11.6158,1.0088088989257813,-0.016071290969848634,-0.2961227313234909,3.125267504931284
11.6269,1.0107294311523438,-0.016666582107543945,-0.3005742690257932,3.125267504931284
11.6269,1.0107294311523438,-0.016666582107543945,-0.3005742690257932,3.122805356005171
11.6614,1.0145191040039063,-0.01787022018432617,-0.3097990772510266,3.122805356005171
11.6631,1.0145191040039063,-0.01787022018432617,-0.3097990772510266,3.1150493582116825
11.6908,1.0164336547851562,-0.018492341995239258,-0.3141854133791378,3.1150493582116825
11.6920,1.0164336547851562,-0.018492341995239258,-0.3141854133791378,3.111842872650998
11.7057,1.0183554077148438,-0.019125720977783204,-0.31837234578499124,3.111842872650998
11.7059,1.0183554077148438,-0.019125720977783204,-0.31837234578499124,3.1092178865142004
11.7436,1.0221851196289062,-0.020415180206298827,-0.3269105392543501,3.1092178865142004
11.7439,1.0221851196289062,-0.020415180206298827,-0.3269105392543501,3.1058816916010206
11.7841,1.0260693359375,-0.021758346557617186,-0.3348682077603653,3.1058816916010206
11.7844,1.0260693359375,-0.021758346557617186,-0.3348682077603653,3.0998322893691475
11.8222,1.02990869140625,-0.023118602752685548,-0.3423809870375209,3.0998322893691475
11.8231,1.02990869140625,-0.023118602752685548,-0.3423809870375209,3.091939205835647
11.8733,1.02990869140625,-0.023118602752685548,-0.3423809870375209,3.091939205835647
11.8758,1.0318216552734376,-0.023808591842651366,-0.3461691500320036,3.091939205835647
11.8759,1.0318216552734376,-0.023808591842651366,-0.3461691500320036,3.087236170076358
11.8827,1.035659912109375,-0.02521711730957031,-0.35357546068590523,3.087236170076358
11.9031,1.035659912109375,-0.02521711730957031,-0.35357546068590523,3.087236170076358
11.9033,1.035659912109375,-0.02521711730957031,-0.35357546068590523,3.0782740183865167
11.9038,1.035659912109375,-0.02521711730957031,-0.35357546068590523,3.0782740183865167
11.9107,1.0375955810546875,-0.025940040588378906,-0.357440756354716,3.0782740183865167
11.9124,1.0375955810546875,-0.025940040588378906,-0.357440756354716,3.074614765440015
11.9235,1.0395355224609375,-0.026672576904296873,-0.3610509726422907,3.074614765440015
11.9251,1.0395355224609375,-0.026672576904296873,-0.3610509726422907,3.0680799466292568
11.9639,1.0433955078125,-0.028156187057495115,-0.3689544204195852,3.0680799466292568
11.9641,1.0433955078125,-0.028156187057495115,-0.3689544204195852,3.0584285378717966
12.0035,1.047241943359375,-0.029670547485351563,-0.377032709514056,3.0584285378717966
12.0038,1.047241943359375,-0.029670547485351563,-0.377032709514056,3.049451346980267
12.0352,1.049159912109375,-0.03043840217590332,-0.3807973559954146,3.049451346980267
12.0354,1.049159912109375,-0.03043840217590332,-0.3807973559954146,3.0450472962263877
12.0473,1.0510533447265624,-0.031204729080200194,-0.3845863088675567,3.0450472962263877
12.0476,1.0510533447265624,-0.031204729080200194,-0.3845863088675567,3.042666922151558
12.0821,1.054829345703125,-0.03275533676147461,-0.3912699704960037,3.042666922151558
12.0829,1.054829345703125,-0.03275533676147461,-0.3912699704960037,3.03486895531158
12.1212,1.058601806640625,-0.03433156967163086,-0.3972371881130649,3.03486895531158
12.1230,1.058601806640625,-0.03433156967163086,-0.3972371881130649,3.0278067658866834
12.1285,1.058601806640625,-0.03433156967163086,-0.3972371881130649,3.0278067658866834
12.1303,1.058601806640625,-0.03433156967163086,-0.3972371881130649,3.0278067658866834
12.1435,1.06046484375,-0.0351197395324707,-0.4002210657695342,3.0278067658866834
12.1441,1.06046484375,-0.0351197395324707,-0.4002210657695342,3.0254423663962466
12.1667,1.062325439453125,-0.03591332626342773,-0.40315161128470806,3.0254423663962466
12.1670,1.062325439453125,-0.03591332626342773,-0.40315161128470806,3.020561462636802
12.2062,1.066033447265625,-0.03751309585571289,-0.4085759218813521,3.020561462636802
12.2063,1.066033447265625,-0.03751309585571289,-0.4085759218813521,3.0126719458437976
12.2451,1.069703125,-0.039118209838867185,-0.41366032519998885,3.0126719458437976
12.2454,1.069703125,-0.039118209838867185,-0.41366032519998885,3.006592766930565
12.2817,1.07337646484375,-0.040745361328125,-0.4180459536361988,3.006592766930565
12.2818,1.07337646484375,-0.040745361328125,-0.4180459536361988,3.0007238256081203
12.3156,1.075215087890625,-0.04156632614135742,-0.4199506918959729,3.0007238256081203
12.3157,1.075215087890625,-0.04156632614135742,-0.4199506918959729,3.001108422625771
12.3275,1.0770491943359375,-0.042388912200927734,-0.4216029996782311,3.001108422625771
12.3310,1.0770491943359375,-0.042388912200927734,-0.4216029996782311,3.000987332626331
12.3452,1.078880615234375,-0.04321304321289063,-0.42285938716415666,3.000987332626331
12.3455,1.078880615234375,-0.04321304321289063,-0.42285938716415666,3.000987294507435
12.3817,1.0825113525390626,-0.04485176849365234,-0.4243197007019968,3.000987294507435
12.3832,1.0825113525390626,-0.04485176849365234,-0.4243197007019968,3.001665577145434
12.4143,1.0843201904296875,-0.045670841217041014,-0.42518453760333375,3.001665577145434
12.4145,1.0843201904296875,-0.045670841217041014,-0.42518453760333375,3.0014345650961562
12.4265,1.0861412353515625,-0.04649730682373047,-0.42604195219082586,3.0014345650961562
12.4266,1.0861412353515625,-0.04649730682373047,-0.42604195219082586,3.0019571438393466
12.4426,1.0879488525390626,-0.047319786071777344,-0.4270196194019337,3.0019571438393466
12.4434,1.0879488525390626,-0.047319786071777344,-0.4270196194019337,3.00100657955356
12.4774,1.089747314453125,-0.04814041519165039,-0.4280755336450348,3.00100657955356
12.4822,1.089747314453125,-0.04814041519165039,-0.4280755336450348,3.0013575486180755
12.4845,1.0915528564453125,-0.048967182159423826,-0.4294080356199572,3.0013575486180755
12.4861,1.0915528564453125,-0.048967182159423826,-0.4294080356199572,3.000981565432015
12.5249,1.0951468505859374,-0.050620441436767576,-0.43160024902132305,3.000981565432015
12.5252,1.0951468505859374,-0.050620441436767576,-0.43160024902132305,3.0033786470493444
12.5586,1.0987252197265625,-0.05227336502075195,-0.4330710570600461,3.0033786470493444
12.5588,1.0987252197265625,-0.05227336502075195,-0.4330710570600461,3.0100104639400986
12.5652,1.0987252197265625,-0.05227336502075195,-0.4330710570600461,3.0100104639400986
12.5663,1.0987252197265625,-0.05227336502075195,-0.4330710570600461,3.0100104639400986
12.6045,1.1023153076171874,-0.05393595504760742,-0.433921713488077,3.0100104639400986
12.6047,1.1023153076171874,-0.05393595504760742,-0.433921713488077,3.0143630336548943
12.6442,1.105895263671875,-0.055600467681884765,-0.4357039067129256,3.0143630336548943
12.6445,1.105895263671875,-0.055600467681884765,-0.4357039067129256,3.011616198979721
12.6698,1.1076982421875,-0.05644236755371094,-0.4368530195583889,3.011616198979721
12.6699,1.1076982421875,-0.05644236755371094,-0.4368530195583889,3.010110875903211
12.6818,1.10948974609375,-0.05728243255615234,-0.4384841806502177,3.010110875903211
12.6826,1.10948974609375,-0.05728243255615234,-0.4384841806502177,3.0090003114592143
12.7141,1.1112735595703125,-0.05812261962890625,-0.44019672545445354,3.0090003114592143
12.7142,1.1112735595703125,-0.05812261962890625,-0.44019672545445354,3.007609843994296
12.7229,1.11307275390625,-0.058973690032958985,-0.44183702847684797,3.007609843994296
12.7239,1.11307275390625,-0.058973690032958985,-0.44183702847684797,3.005026338021059
12.7689,1.1166541748046874,-0.06067921447753906,-0.4453187825720226,3.005026338021059
12.7691,1.1166541748046874,-0.06067921447753906,-0.4453187825720226,2.999861477506402
12.8030,1.1202303466796875,-0.062398887634277346,-0.44923762166086745,2.999861477506402
12.8321,1.1202303466796875,-0.062398887634277346,-0.44923762166086745,2.9945192368282187
12.8371,1.122021728515625,-0.06326634979248047,-0.4509567924698595,2.9945192368282187
12.8386,1.122021728515625,-0.06326634979248047,-0.4509567924698595,2.9898975093452935
12.8451,1.1238291015625,-0.06414550018310547,-0.45271433102540387,2.9898975093452935
12.8465,1.1238291015625,-0.06414550018310547,-0.45271433102540387,2.9898975093452935
12.8784,1.127399658203125,-0.06589353179931641,-0.45613546537645877,2.9898975093452935
12.8791,1.127399658203125,-0.06589353179931641,-0.45613546537645877,2.985994090770866
12.8894,1.127399658203125,-0.06589353179931641,-0.45613546537645877,2.985994090770866
12.8896,1.127399658203125,-0.06589353179931641,-0.45613546537645877,2.985994090770866
12.9023,1.129217041015625,-0.06678868865966797,-0.4576680982919154,2.985994090770866
12.9032,1.129217041015625,-0.06678868865966797,-0.4576680982919154,2.984474889601425
12.9363,1.1310262451171875,-0.06768296051025391,-0.4590785378531766,2.984474889601425
12.9365,1.1310262451171875,-0.06768296051025391,-0.4590785378531766,2.983511690002307
12.9458,1.1328231201171874,-0.06857389068603516,-0.4602967398573848,2.983511690002307
12.9488,1.1328231201171874,-0.06857389068603516,-0.4602967398573848,2.982785692257634
12.9874,1.1363907470703125,-0.07035189819335938,-0.46297688041064666,2.982785692257634
12.9876,1.1363907470703125,-0.07035189819335938,-0.46297688041064666,2.979922754076251
13.0303,1.139926025390625,-0.07212283325195312,-0.46480461635153,2.979922754076251
13.0304,1.139926025390625,-0.07212283325195312,-0.46480461635153,2.9786913248694216
13.0438,1.1416798095703125,-0.07300439453125,-0.46576967256216856,2.9786913248694216
13.0440,1.1416798095703125,-0.07300439453125,-0.46576967256216856,2.9778728597189597
13.0823,1.1452176513671875,-0.07478805541992188,-0.4672484001948526,2.9778728597189597
13.0841,1.1452176513671875,-0.07478805541992188,-0.4672484001948526,2.9750330468263746
13.1223,1.1487801513671876,-0.07658967590332032,-0.4685144356599054,2.9750330468263746
13.1224,1.1487801513671876,-0.07658967590332032,-0.4685144356599054,2.9741461219759775
13.1538,1.150571533203125,-0.077497314453125,-0.46897378751026053,2.9741461219759775
13.1541,1.150571533203125,-0.077497314453125,-0.46897378751026053,2.973347422730895
13.1645,1.1523756103515626,-0.07841194915771485,-0.46921666202887086,2.973347422730895
13.1665,1.1523756103515626,-0.07841194915771485,-0.46921666202887086,2.974738352582994
13.2023,1.1559246826171874,-0.08021189880371093,-0.4693660181508318,2.974738352582994
13.2032,1.1559246826171874,-0.08021189880371093,-0.4693660181508318,2.9734633172372504
13.2321,1.157705810546875,-0.08111566162109375,-0.4695670782331525,2.9734633172372504
13.2323,1.157705810546875,-0.08111566162109375,-0.4695670782331525,2.972709668270687
13.2442,1.159482421875,-0.08201760864257812,-0.46976725795682445,2.972709668270687
13.2444,1.159482421875,-0.08201760864257812,-0.46976725795682445,2.9719820059632696
13.2831,1.1630272216796875,-0.08381906127929688,-0.4703978996162347,2.9719820059632696
13.2839,1.1630272216796875,-0.08381906127929688,-0.4703978996162347,2.9690298746040207
13.3225,1.166581298828125,-0.08562859344482422,-0.47115319817512175,2.9690298746040207
13.3226,1.166581298828125,-0.08562859344482422,-0.47115319817512175,2.966727479944639
13.3238,1.166581298828125,-0.08562859344482422,-0.47115319817512175,2.966727479944639
13.3256,1.166581298828125,-0.08562859344482422,-0.47115319817512175,2.966727479944639
13.3630,1.17011767578125,-0.08743354034423828,-0.47216155360304557,2.966727479944639
13.3642,1.17011767578125,-0.08743354034423828,-0.47216155360304557,2.965212830383722
13.3917,1.171898193359375,-0.0883436279296875,-0.4725104432717788,2.965212830383722
13.3920,1.171898193359375,-0.0883436279296875,-0.4725104432717788,2.9652128320677282
13.4033,1.1736734619140625,-0.08925167846679688,-0.47280665130640076,2.9652128320677282
13.4035,1.1736734619140625,-0.08925167846679688,-0.47280665130640076,2.9650030374076093
13.4424,1.1772412109375,-0.09107621002197265,-0.4727232752000657,2.9650030374076093
13.4426,1.1772412109375,-0.09107621002197265,-0.4727232752000657,2.9629304164517833
13.4726,1.17902880859375,-0.09199025726318359,-0.4726773175929802,2.9629304164517833
13.4728,1.17902880859375,-0.09199025726318359,-0.4726773175929802,2.963405350209337
13.4855,1.180808837890625,-0.09290053558349609,-0.47271688599526757,2.963405350209337
13.4867,1.180808837890625,-0.09290053558349609,-0.47271688599526757,2.9632806598383388
13.5237,1.184357421875,-0.09471402740478516,-0.47232880776296404,2.9632806598383388
13.5240,1.184357421875,-0.09471402740478516,-0.47232880776296404,2.9625015288614738
13.5555,1.1861417236328125,-0.09562540435791016,-0.47222877246615386,2.9625015288614738
13.5558,1.1861417236328125,-0.09562540435791016,-0.47222877246615386,2.962973587342201
13.5636,1.1879268798828124,-0.09653695678710937,-0.47211419766701745,2.962973587342201
13.5656,1.1879268798828124,-0.09653695678710937,-0.47211419766701745,2.96283888093067
13.6027,1.19146923828125,-0.09834526824951172,-0.47198906467342866,2.96283888093067
13.6029,1.19146923828125,-0.09834526824951172,-0.47198906467342866,2.961869235065934
13.6085,1.19146923828125,-0.09834526824951172,-0.47198906467342866,2.961869235065934
13.6087,1.19146923828125,-0.09834526824951172,-0.47198906467342866,2.961869235065934
13.6229,1.1932518310546876,-0.0992553482055664,-0.4720477023778028,2.961869235065934
13.6229,1.1932518310546876,-0.0992553482055664,-0.4720477023778028,2.9618692324153657
13.6546,1.195022216796875,-0.10015919494628907,-0.47204238958270345,2.9618692324153657
13.6547,1.195022216796875,-0.10015919494628907,-0.47204238958270345,2.9615067939598654
13.6654,1.1967989501953125,-0.10106562042236328,-0.4717574584270653,2.9615067939598654
13.6656,1.1967989501953125,-0.10106562042236328,-0.4717574584270653,2.9614422092664254
13.7038,1.2003623046875,-0.10288208770751953,-0.47132053526452383,2.9614422092664254
13.7264,1.2003623046875,-0.10288208770751953,-0.47132053526452383,2.960832382411235
13.7337,1.2021534423828124,-0.10379475402832031,-0.4712524800075439,2.960832382411235
13.7357,1.2021534423828124,-0.10379475402832031,-0.4712524800075439,2.960832346807504
13.7496,1.2039510498046875,-0.10470967864990234,-0.47080772765820983,2.960832346807504
13.7498,1.2039510498046875,-0.10470967864990234,-0.47080772765820983,2.9616582311094155
13.7835,1.20752734375,-0.106527099609375,-0.4700131512216027,2.9616582311094155
13.7838,1.20752734375,-0.106527099609375,-0.4700131512216027,2.9618468362781654
13.8116,1.20931591796875,-0.10743506622314453,-0.46974059678439556,2.9618468362781654
13.8120,1.20931591796875,-0.10743506622314453,-0.46974059678439556,2.9630253470020635
13.8239,1.211113037109375,-0.10834550476074219,-0.4689310286671146,2.9630253470020635
13.8242,1.211113037109375,-0.10834550476074219,-0.4689310286671146,2.963858382366649
13.8652,1.214669921875,-0.11014108276367188,-0.467065439873073,2.963858382366649
13.8654,1.214669921875,-0.11014108276367188,-0.467065439873073,2.966501478309042
13.9027,1.2182271728515626,-0.1119298324584961,-0.4655070802431272,2.966501478309042
13.9041,1.2182271728515626,-0.1119298324584961,-0.4655070802431272,2.9680647878628315
13.9457,1.2217584228515626,-0.1137012710571289,-0.46490152223648434,2.9680647878628315
13.9461,1.2217584228515626,-0.1137012710571289,-0.46490152223648434,2.968709714989016
13.9874,1.22530859375,-0.1154805908203125,-0.46456347877444193,2.968709714989016
13.9877,1.22530859375,-0.1154805908203125,-0.46456347877444193,2.9698989597384093
14.0038,1.227076904296875,-0.11636600494384766,-0.46422891346188394,2.9698989597384093
14.0041,1.227076904296875,-0.11636600494384766,-0.46422891346188394,2.971800064230482
14.0472,1.230614501953125,-0.11813398742675782,-0.46309473019561875,2.971800064230482
14.0473,1.230614501953125,-0.11813398742675782,-0.46309473019561875,2.9736313856130474
14.0826,1.2341697998046874,-0.11990425872802735,-0.461658925376339,2.9736313856130474
14.0843,1.2341697998046874,-0.11990425872802735,-0.461658925376339,2.9749410045200206
14.1134,1.2359549560546874,-0.12079078674316407,-0.46094577284780647,2.9749410045200206
14.1161,1.2359549560546874,-0.12079078674316407,-0.46094577284780647,2.9746403427939527
14.1228,1.2377510986328124,-0.1216819076538086,-0.460545582131372,2.9746403427939527
14.1229,1.2377510986328124,-0.1216819076538086,-0.460545582131372,2.9734823547790175
14.1525,1.2395401611328125,-0.122569580078125,-0.4605868450938448,2.9734823547790175
14.1527,1.2395401611328125,-0.122569580078125,-0.4605868450938448,2.972173445667681
14.1643,1.2413314208984374,-0.12345882415771485,-0.4607959914442067,2.972173445667681
14.1644,1.2413314208984374,-0.12345882415771485,-0.4607959914442067,2.9709987684192822
14.2043,1.2449295654296875,-0.1252461700439453,-0.461075297704302,2.9709987684192822
14.2045,1.2449295654296875,-0.1252461700439453,-0.461075297704302,2.970056537850817
14.2461,1.2485123291015625,-0.12702749633789062,-0.4613768451034392,2.970056537850817
14.2463,1.2485123291015625,-0.12702749633789062,-0.4613768451034392,2.9708433180169274
14.2836,1.252108154296875,-0.12881178283691405,-0.46026611653911575,2.9708433180169274
14.2840,1.252108154296875,-0.12881178283691405,-0.46026611653911575,2.9690148717480898
14.3180,1.252108154296875,-0.12881178283691405,-0.46026611653911575,2.9690148717480898
14.3183,1.252108154296875,-0.12881178283691405,-0.46026611653911575,2.9690148717480898
14.3186,1.25389013671875,-0.12969419860839843,-0.4597828973204131,2.9690148717480898
14.3187,1.25389013671875,-0.12969419860839843,-0.4597828973204131,2.9684624643906754
14.3266,1.2556707763671875,-0.13057540893554687,-0.45953823416421247,2.9684624643906754
14.3275,1.2556707763671875,-0.13057540893554687,-0.45953823416421247,2.9674527982874337
14.3625,1.2592252197265625,-0.13233145141601563,-0.458500538338767,2.9674527982874337
14.3629,1.2592252197265625,-0.13233145141601563,-0.458500538338767,2.9693169702823816
14.3967,1.260981689453125,-0.13319679260253905,-0.45776573931927267,2.9693169702823816
14.3971,1.260981689453125,-0.13319679260253905,-0.45776573931927267,2.9689731748013046
14.4130,1.262732177734375,-0.13405885314941407,-0.4575955767958474,2.9689731748013046
14.4133,1.262732177734375,-0.13405885314941407,-0.4575955767958474,2.9698157498841145
14.4258,1.2645137939453126,-0.13493582153320313,-0.45742932400109143,2.9698157498841145
14.4265,1.2645137939453126,-0.13493582153320313,-0.45742932400109143,2.968117209885799
14.4661,1.26805419921875,-0.1366763916015625,-0.4569117589105451,2.968117209885799
14.4664,1.26805419921875,-0.1366763916015625,-0.4569117589105451,2.967013338890505
14.4996,1.2716170654296874,-0.13842851257324218,-0.4570273796477615,2.967013338890505
14.5005,1.2716170654296874,-0.13842851257324218,-0.4570273796477615,2.9685842497597816
14.5167,1.2716170654296874,-0.13842851257324218,-0.4570273796477615,2.9685842497597816
14.5169,1.2716170654296874,-0.13842851257324218,-0.4570273796477615,2.9685842497597816
14.5282,1.2733995361328125,-0.13930361938476563,-0.4563666866537117,2.9685842497597816
14.5298,1.2733995361328125,-0.13930361938476563,-0.4563666866537117,2.970452543312214
14.5629,1.2769197998046875,-0.14102561950683593,-0.45444294359690396,2.970452543312214
14.5632,1.2769197998046875,-0.14102561950683593,-0.45444294359690396,2.9747397739081705
14.6077,1.2804603271484376,-0.14274777221679688,-0.4521424265052148,2.9747397739081705
14.6079,1.2804603271484376,-0.14274777221679688,-0.4521424265052148,2.976886516615504
14.6448,1.28399365234375,-0.14445877075195312,-0.4505710471199906,2.976886516615504
14.6450,1.28399365234375,-0.14445877075195312,-0.4505710471199906,2.9780664361199545
14.6832,1.2875638427734375,-0.14618128967285157,-0.44917462341704234,2.9780664361199545
14.6835,1.2875638427734375,-0.14618128967285157,-0.44917462341704234,2.9811656455822844
14.7214,1.2911429443359375,-0.14790090942382814,-0.4474734380584702,2.9811656455822844
14.7216,1.2911429443359375,-0.14790090942382814,-0.4474734380584702,2.979954947781862
14.7295,1.2911429443359375,-0.14790090942382814,-0.4474734380584702,2.979954947781862
14.7346,1.2911429443359375,-0.14790090942382814,-0.4474734380584702,2.979954947781862
14.7450,1.292942626953125,-0.1487633056640625,-0.44687738143832273,2.979954947781862
14.7459,1.292942626953125,-0.1487633056640625,-0.44687738143832273,2.9790275257368717
14.7859,1.2965396728515626,-0.15048507690429688,-0.44630314585783176,2.9790275257368717
14.7861,1.2965396728515626,-0.15048507690429688,-0.44630314585783176,2.9776174928449626
14.8238,1.300158935546875,-0.15221551513671874,-0.4458930076317664,2.9776174928449626
14.8246,1.300158935546875,-0.15221551513671874,-0.4458930076317664,2.9787077837769265
14.8625,1.3037626953125,-0.15393504333496094,-0.44479316031557203,2.9787077837769265
14.8641,1.3037626953125,-0.15393504333496094,-0.44479316031557203,2.9816648800862393
14.8954,1.305549072265625,-0.15478428649902343,-0.44375993521859136,2.9816648800862393
14.8957,1.305549072265625,-0.15478428649902343,-0.44375993521859136,2.9824163960120527
14.9051,1.3073316650390625,-0.15562965393066405,-0.4428129818534562,2.9824163960120527
14.9055,1.3073316650390625,-0.15562965393066405,-0.4428129818534562,2.9830255715465466
14.9401,1.3108968505859375,-0.1573161315917969,-0.4415632827010898,2.9830255715465466
14.9419,1.3108968505859375,-0.1573161315917969,-0.4415632827010898,2.9830613497400007
14.9547,1.3108968505859375,-0.1573161315917969,-0.4415632827010898,2.9830613497400007
14.9549,1.3108968505859375,-0.1573161315917969,-0.4415632827010898,2.9830613497400007
14.9636,1.3126929931640625,-0.15816366577148439,-0.44089777547876646,2.9830613497400007
14.9657,1.3126929931640625,-0.15816366577148439,-0.44089777547876646,2.9833028548365834
14.9961,1.3144609375,-0.1589971923828125,-0.44054691462814244,2.9833028548365834
14.9963,1.3144609375,-0.1589971923828125,-0.44054691462814244,2.9844656028287546
15.0157,1.3162310791015626,-0.15983161926269532,-0.4405073134829429,2.9844656028287546
15.0159,1.3162310791015626,-0.15983161926269532,-0.4405073134829429,2.9850237353832703
15.0303,1.318017333984375,-0.16067298889160156,-0.4402000883385352,2.9850237353832703
15.0349,1.318017333984375,-0.16067298889160156,-0.4402000883385352,2.984456531846742
15.0441,1.3198143310546875,-0.16151837158203125,-0.43971893368296544,2.984456531846742
15.0443,1.3198143310546875,-0.16151837158203125,-0.43971893368296544,2.9846176971288765
15.0754,1.3215909423828125,-0.16235287475585938,-0.4391369385813075,2.9846176971288765
15.0755,1.3215909423828125,-0.16235287475585938,-0.4391369385813075,2.98536467705357
15.0970,1.32338818359375,-0.16319639587402343,-0.4388219646296366,2.98536467705357
15.0992,1.32338818359375,-0.16319639587402343,-0.4388219646296366,2.9872260137667443
15.1040,1.3251993408203124,-0.16404563903808594,-0.4384486522118251,2.9872260137667443
15.1056,1.3251993408203124,-0.16404563903808594,-0.4384486522118251,2.9872260137667443
15.1424,1.328790283203125,-0.16572508239746095,-0.4371283126871734,2.9872260137667443
15.1435,1.328790283203125,-0.16572508239746095,-0.4371283126871734,2.995080701283456
15.1719,1.330572998046875,-0.1665565185546875,-0.43640882143218995,2.995080701283456
15.1726,1.330572998046875,-0.1665565185546875,-0.43640882143218995,2.9964189377864274
15.1837,1.3323551025390625,-0.1673861083984375,-0.4356657798291603,2.9964189377864274
15.1857,1.3323551025390625,-0.1673861083984375,-0.4356657798291603,2.9949259530617285
15.2236,1.335947265625,-0.1690552978515625,-0.4348565806458166,2.9949259530617285
15.2267,1.335947265625,-0.1690552978515625,-0.4348565806458166,2.9956142945386994
15.2596,1.339591796875,-0.17074696350097657,-0.4345312529807995,2.9956142945386994
15.2601,1.339591796875,-0.17074696350097657,-0.4345312529807995,2.9934294364941776
15.2764,1.339591796875,-0.17074696350097657,-0.4345312529807995,2.9934294364941776
15.2767,1.339591796875,-0.17074696350097657,-0.4345312529807995,2.9934294364941776
15.2881,1.3414288330078126,-0.17159980773925781,-0.4346491569512949,2.9934294364941776
15.2883,1.3414288330078126,-0.17159980773925781,-0.4346491569512949,2.9927396477584023
15.3292,1.3450546875,-0.17328323364257814,-0.43465835791146656,2.9927396477584023
15.3294,1.3450546875,-0.17328323364257814,-0.43465835791146656,2.990806349128687
15.3449,1.346869140625,-0.17412571716308595,-0.43470820970383633,2.990806349128687
15.3451,1.346869140625,-0.17412571716308595,-0.43470820970383633,2.9902982938806835
15.3707,1.348685302734375,-0.174968994140625,-0.4346910565941819,2.9902982938806835
15.3720,1.348685302734375,-0.174968994140625,-0.4346910565941819,2.9920268066434104
15.3863,1.350510498046875,-0.17581550598144532,-0.4342794556512332,2.9920268066434104
15.3866,1.350510498046875,-0.17581550598144532,-0.4342794556512332,2.994071726813317
15.4263,1.3541544189453125,-0.1774982452392578,-0.431981902962411,2.994071726813317
15.4264,1.3541544189453125,-0.1774982452392578,-0.431981902962411,2.9988450925691885
15.4649,1.357743896484375,-0.1791451873779297,-0.4295752191830637,2.9988450925691885
15.4664,1.357743896484375,-0.1791451873779297,-0.4295752191830637,3.0012641379780507
15.4957,1.359553466796875,-0.17997161865234376,-0.4284054807778621,3.0012641379780507
15.4960,1.359553466796875,-0.17997161865234376,-0.4284054807778621,3.0014657954175505
15.5160,1.3613551025390624,-0.18079266357421875,-0.42760173890233977,3.0014657954175505
