time_s,event,cmd_linear_x_mps,battery_voltage_v,battery_header_stamp_s,detail
0.415298778,battery_rx,,7.427645206451416,1790227825.849,
0.415477111,battery_rx,,7.427645206451416,1790227825.946,
0.415625479,battery_rx,,7.427645206451416,1790227826.059,
0.415788264,battery_rx,,7.427645206451416,1790227826.146,
0.416459098,battery_rx,,7.427645206451416,1790227826.246,
0.511593366,battery_rx,,7.424712181091309,1790227826.346,
0.915906949,trial_start,,7.424712181091309,,
0.916458978,cmd_vel_tx,0.05,,,
0.924175917,battery_rx,,7.424712181091309,1790227826.446,
0.924589596,battery_rx,,7.424712181091309,1790227826.546,
0.925079923,battery_rx,,7.424712181091309,1790227826.646,
0.925808422,battery_rx,,7.424712181091309,1790227826.749,
0.96613514,cmd_vel_tx,0.05,,,
1.016121293,cmd_vel_tx,0.05,,,
1.066116582,cmd_vel_tx,0.05,,,
1.116314799,cmd_vel_tx,0.05,,,
1.166337919,cmd_vel_tx,0.05,,,
1.216301952,cmd_vel_tx,0.05,,,
1.26616976,cmd_vel_tx,0.05,,,
1.316345215,cmd_vel_tx,0.05,,,
1.366312995,cmd_vel_tx,0.05,,,
1.416152382,cmd_vel_tx,0.05,,,
1.430232079,battery_rx,,7.405359745025635,1790227826.859,
1.430590658,battery_rx,,7.405359745025635,1790227826.946,
1.431089751,battery_rx,,7.405359745025635,1790227827.049,
1.466140909,cmd_vel_tx,0.05,,,
1.509950531,battery_rx,,7.412201404571533,1790227827.346,
1.516121091,cmd_vel_tx,0.05,,,
1.566323185,cmd_vel_tx,0.05,,,
1.616317202,cmd_vel_tx,0.05,,,
1.666147252,cmd_vel_tx,0.05,,,
1.716260455,cmd_vel_tx,0.05,,,
1.766348903,cmd_vel_tx,0.05,,,
1.770669063,battery_rx,,7.412201404571533,1790227827.449,
1.771029155,battery_rx,,7.412201404571533,1790227827.546,
1.809367343,battery_rx,,7.412201404571533,1790227827.646,
1.816102144,cmd_vel_tx,0.05,,,
1.866196923,cmd_vel_tx,0.05,,,
1.912646745,battery_rx,,7.412201404571533,1790227827.749,
1.916327958,cmd_vel_tx,0.05,,,
1.966300717,cmd_vel_tx,0.05,,,
2.016115189,cmd_vel_tx,0.05,,,
2.030765819,battery_rx,,7.410247325897217,1790227827.849,
2.066125706,cmd_vel_tx,0.05,,,
2.116121746,cmd_vel_tx,0.05,,,
2.158371745,battery_rx,,7.410247325897217,1790227827.959,
2.166244326,cmd_vel_tx,0.05,,,
2.213296928,battery_rx,,7.410247325897217,1790227828.049,
2.21634168,cmd_vel_tx,0.05,,,
2.266129634,cmd_vel_tx,0.05,,,
2.316398137,cmd_vel_tx,0.05,,,
2.366451972,cmd_vel_tx,0.05,,,
2.378705393,battery_rx,,7.410247325897217,1790227828.146,
2.416101235,cmd_vel_tx,0.0,,,
2.416112506,zero_phase_start,0.0,,,
2.416129056,cmd_vel_tx,0.0,,,
2.42356758,battery_rx,,7.410247325897217,1790227828.259,
2.466630892,cmd_vel_tx,0.0,,,
2.516428032,cmd_vel_tx,0.0,,,
2.566440803,cmd_vel_tx,0.0,,,
2.598716807,battery_rx,,7.422757625579834,1790227828.349,
2.61002675,battery_rx,,7.422757625579834,1790227828.446,
2.616255054,cmd_vel_tx,0.0,,,
2.666241698,cmd_vel_tx,0.0,,,
2.716397638,cmd_vel_tx,0.0,,,
2.727592101,battery_rx,,7.422757625579834,1790227828.559,
2.766407553,cmd_vel_tx,0.0,,,
2.816237012,cmd_vel_tx,0.0,,,
2.824711753,battery_rx,,7.422757625579834,1790227828.659,
2.866242169,cmd_vel_tx,0.0,,,
2.91008429,battery_rx,,7.422757625579834,1790227828.746,
2.91623291,cmd_vel_tx,0.0,,,
2.966508356,cmd_vel_tx,0.0,,,
3.016448105,cmd_vel_tx,0.0,,,
3.040693272,battery_rx,,7.426472187042236,1790227828.848,
3.066504214,cmd_vel_tx,0.0,,,
3.109983128,battery_rx,,7.426472187042236,1790227828.946,
3.116263967,cmd_vel_tx,0.0,,,
3.166266299,cmd_vel_tx,0.0,,,
3.216337445,cmd_vel_tx,0.0,,,
3.259160261,battery_rx,,7.426472187042236,1790227829.059,
3.26640753,cmd_vel_tx,0.0,,,
3.316408579,cmd_vel_tx,0.0,,,
3.363171226,battery_rx,,7.426472187042236,1790227829.199,
3.366524847,cmd_vel_tx,0.0,,,
3.41657181,cmd_vel_tx,0.0,,,
3.466481964,cmd_vel_tx,0.0,,,
3.478668604,battery_rx,,7.426472187042236,1790227829.299,
3.516327713,cmd_vel_tx,0.0,,,
3.562379403,battery_rx,,7.422562122344971,1790227829.399,
3.566455141,cmd_vel_tx,0.0,,,
3.616446202,cmd_vel_tx,0.0,,,
3.666260935,cmd_vel_tx,0.0,,,
3.693558908,battery_rx,,7.422562122344971,1790227829.499,
3.716448391,cmd_vel_tx,0.0,,,
3.762606474,battery_rx,,7.422562122344971,1790227829.599,
3.766522152,cmd_vel_tx,0.0,,,
3.816242193,cmd_vel_tx,0.0,,,
3.866451289,cmd_vel_tx,0.0,,,
3.916584848,cmd_vel_tx,0.0,,,
3.923806471,battery_rx,,7.422562122344971,1790227829.709,
3.96628858,cmd_vel_tx,0.0,,,
3.968503278,battery_rx,,7.422562122344971,1790227829.806,
4.016336684,cmd_vel_tx,0.0,,,
4.066223587,cmd_vel_tx,0.0,,,
4.116406095,cmd_vel_tx,0.0,,,
4.138585243,battery_rx,,7.422757625579834,1790227829.906,
4.16622818,cmd_vel_tx,0.0,,,
4.169066598,battery_rx,,7.422757625579834,1790227830.006,
4.216230151,cmd_vel_tx,0.0,,,
4.26637466,cmd_vel_tx,0.0,,,
4.316532864,cmd_vel_tx,0.0,,,
4.359490704,battery_rx,,7.422757625579834,1790227830.106,
4.366337137,cmd_vel_tx,0.0,,,
4.38177417,battery_rx,,7.422757625579834,1790227830.217,
4.416480053,trial_end,,7.422757625579834,,completed
