time_s,left_target_rpm,left_actual_rpm,left_raw_pwm,left_final_pwm,right_target_rpm,right_actual_rpm,right_raw_pwm,right_final_pwm,sync_error_rpm,sync_correction_pwm,sync_active,startup_active,startup_fault,battery_voltage_v
0.19693428,0.0,0.0,0.0,0.0,0.0,0.0,0.0,0.0,0.0,0.0,0.0,0.0,0.0,
0.24990718,0.0,0.0,0.0,0.0,0.0,0.0,0.0,0.0,0.0,0.0,0.0,0.0,0.0,
0.270277786,0.0,0.0,0.0,0.0,0.0,0.0,0.0,0.0,0.0,0.0,0.0,0.0,0.0,
0.288590605,0.0,0.0,0.0,0.0,0.0,0.0,0.0,0.0,0.0,0.0,0.0,0.0,0.0,
0.737078213,0.0,0.0,0.0,0.0,0.0,0.0,0.0,0.0,0.0,0.0,0.0,0.0,0.0,7.921230792999268
0.760927072,2.0,0.0,2.4200000762939453,145.0,2.0,0.0,2.4200000762939453,145.0,0.0,0.0,1.0,1.0,0.0,7.921230792999268
0.782724429,4.0,0.0,4.860000133514404,145.0,4.0,0.6730769276618958,4.045577049255371,145.0,0.673076868057251,0.0,1.0,1.0,0.0,7.921230792999268
0.805028864,6.0,0.44871795177459717,6.7770514488220215,145.0,6.0,1.3349359035491943,5.697996616363525,142.0,0.8862180709838867,0.09655451774597168,1.0,1.0,0.0,7.921230792999268
0.824038322,8.0,1.6378204822540283,7.813750743865967,133.0,8.0,2.213862180709839,7.101146697998047,145.0,0.5760421752929688,0.019010543823242188,1.0,0.0,0.0,7.921230792999268
0.877322929,10.0,2.4107370376586914,9.362143516540527,136.0,10.0,3.233882188796997,8.3447847366333,147.0,0.8231449127197266,0.08401767909526825,1.0,0.0,0.0,7.901096343994141
1.014898508,16.0,4.51148796081543,14.346409797668457,147.0,16.0,7.226806640625,11.003839492797852,153.0,2.7153186798095703,0.596664309501648,1.0,0.0,0.0,7.901096343994141
1.053798752,29.382450103759766,19.044822692871094,13.806513786315918,157.0,29.382450103759766,22.359798431396484,9.46703052520752,160.0,3.3149757385253906,0.9889035820960999,1.0,0.0,0.0,7.901096343994141
1.085082437,29.382450103759766,23.673038482666016,8.387794494628906,152.0,29.382450103759766,26.554386138916016,4.509329795837402,155.0,2.88134765625,0.9298317432403564,1.0,0.0,0.0,7.901096343994141
1.230534142,29.382450103759766,26.739036560058594,4.7762627601623535,148.0,29.382450103759766,29.35865020751953,1.155735731124878,151.0,2.6196136474609375,0.9105410575866699,1.0,0.0,0.0,7.901096343994141
1.306787501,29.382450103759766,30.132543563842773,0.6999586820602417,144.0,29.382450103759766,30.829954147338867,-0.7585970163345337,150.0,0.6974105834960938,0.5296626091003418,1.0,0.0,0.0,7.901096343994141
1.426652146,29.382450103759766,30.421703338623047,0.3306014835834503,143.0,29.382450103759766,30.862192153930664,-0.8308296799659729,150.0,0.4404888153076172,0.4820866882801056,1.0,0.0,0.0,7.901096343994141
1.46308914,29.382450103759766,30.476360321044922,0.20205223560333252,143.0,29.382450103759766,30.77623748779297,-0.812487006187439,150.0,0.2998771667480469,0.4821934401988983,1.0,0.0,0.0,7.901096343994141
1.496628568,29.382450103759766,30.130146026611328,0.6100324392318726,144.0,29.382450103759766,30.54942512512207,-0.5519819259643555,150.0,0.4192790985107422,0.4821934401988983,1.0,0.0,0.0,7.901096343994141
1.516188136,29.382450103759766,30.353824615478516,0.3319043815135956,143.0,29.382450103759766,30.626358032226562,-0.6567404866218567,150.0,0.2725334167480469,0.4821934401988983,1.0,0.0,0.0,7.901096343994141
1.544342453,29.382450103759766,30.73955535888672,-0.15795482695102692,143.0,29.382450103759766,30.854698181152344,-0.9606538414955139,150.0,0.115142822265625,0.4821934401988983,1.0,0.0,0.0,7.912825584411621
1.670706266,29.382450103759766,30.27544593811035,0.3530696928501129,143.0,29.382450103759766,30.772274017333984,-0.9262043237686157,150.0,0.4968280792236328,0.48242905735969543,1.0,0.0,0.0,7.912825584411621
1.697436397,29.382450103759766,30.633621215820312,-0.11169210076332092,143.0,29.382450103759766,31.140256881713867,-1.415373682975769,149.0,0.5066356658935547,0.4841543436050415,1.0,0.0,0.0,7.912825584411621
1.716295429,29.382450103759766,30.633621215820312,-0.11169210076332092,143.0,29.382450103759766,31.140256881713867,-1.415373682975769,149.0,0.5066356658935547,0.4841543436050415,1.0,0.0,0.0,7.912825584411621
1.739172396,29.382450103759766,30.48757553100586,0.03952513635158539,143.0,29.382450103759766,30.847463607788086,-1.0971949100494385,150.0,0.35988807678222656,0.4830321669578552,1.0,0.0,0.0,7.912825584411621
1.769991239,29.382450103759766,30.58615493774414,-0.09080719947814941,143.0,29.382450103759766,30.820079803466797,-1.078710675239563,150.0,0.23392486572265625,0.4830321669578552,1.0,0.0,0.0,7.912825584411621
1.892401844,29.382450103759766,30.70793914794922,-0.29761528968811035,143.0,29.382450103759766,30.961009979248047,-1.327368974685669,149.0,0.2530708312988281,0.484039843082428,1.0,0.0,0.0,7.912825584411621
1.914042019,29.382450103759766,30.66480827331543,-0.27439478039741516,143.0,29.382450103759766,30.996089935302734,-1.4029593467712402,149.0,0.3312816619873047,0.484039843082428,1.0,0.0,0.0,7.912825584411621
1.93379743,29.382450103759766,30.92571449279785,-0.6029149293899536,142.0,29.382450103759766,31.14104652404785,-1.5944932699203491,149.0,0.21533203125,0.484039843082428,1.0,0.0,0.0,7.912825584411621
1.956305207,29.382450103759766,30.87094497680664,-0.5520764589309692,142.0,29.382450103759766,31.010910034179688,-1.4546140432357788,149.0,0.13996505737304688,0.484039843082428,1.0,0.0,0.0,7.912825584411621
1.990107698,29.382450103759766,30.812206268310547,-0.5104165077209473,142.0,29.382450103759766,31.017173767089844,-1.4961600303649902,149.0,0.20496749877929688,0.484039843082428,1.0,0.0,0.0,7.904028415679932
2.110720306,29.382450103759766,30.679424285888672,-0.41647279262542725,143.0,29.382450103759766,30.797996520996094,-1.3065565824508667,149.0,0.11857223510742188,0.484039843082428,1.0,0.0,0.0,7.904028415679932
2.133458313,29.382450103759766,30.798593521118164,-0.5914084911346436,142.0,29.382450103759766,30.848690032958984,-1.4005931615829468,149.0,0.05009651184082031,0.484039843082428,1.0,0.0,0.0,7.904028415679932
2.155796299,29.382450103759766,30.788314819335938,-0.5931326746940613,142.0,29.382450103759766,30.820877075195312,-1.3816019296646118,149.0,0.032562255859375,0.484039843082428,1.0,0.0,0.0,7.904028415679932
2.172807559,29.382450103759766,30.781635284423828,-0.5991090536117554,142.0,29.382450103759766,30.802799224853516,-1.3741120100021362,149.0,0.0211639404296875,0.484039843082428,1.0,0.0,0.0,7.904028415679932
2.330629511,29.382450103759766,30.77263641357422,-0.6300809383392334,142.0,29.382450103759766,30.632614135742188,-1.2082436084747314,150.0,-0.14002227783203125,0.484039843082428,1.0,0.0,0.0,7.904028415679932
2.36664708,29.382450103759766,30.99375343322754,-0.9947996139526367,142.0,29.382450103759766,31.102046966552734,-1.8727400302886963,149.0,0.10829353332519531,0.484039843082428,1.0,0.0,0.0,7.904028415679932
2.392518456,29.382450103759766,30.690811157226562,-0.6443524360656738,142.0,29.382450103759766,30.536842346191406,-1.206038475036621,150.0,-0.15396881103515625,0.484039843082428,1.0,0.0,0.0,7.904028415679932
2.413471201,29.382450103759766,30.493898391723633,-0.4191715717315674,143.0,29.382450103759766,30.618179321289062,-1.3160001039505005,149.0,0.12428092956542969,0.484039843082428,1.0,0.0,0.0,7.904028415679932
2.434185381,29.382450103759766,30.59026336669922,-0.5468876957893372,142.0,29.382450103759766,30.446687698364258,-1.1208524703979492,150.0,-0.14357566833496094,0.484039843082428,1.0,0.0,0.0,7.904028415679932
2.601039107,29.382450103759766,30.68317413330078,-0.7622344493865967,142.0,29.382450103759766,30.850175857543945,-1.6967140436172485,149.0,0.16700172424316406,0.4839957058429718,1.0,0.0,0.0,7.91204309463501
2.623179663,29.382450103759766,30.488935470581055,-0.540212869644165,142.0,29.382450103759766,30.373126983642578,-1.134162187576294,150.0,-0.11580848693847656,0.4839957058429718,1.0,0.0,0.0,7.91204309463501
2.644772683,29.382450103759766,30.138320922851562,-0.12703409790992737,143.0,29.382450103759766,30.511764526367188,-1.311820387840271,149.0,0.373443603515625,0.4839957058429718,1.0,0.0,0.0,7.91204309463501
2.773686364,29.382450103759766,30.35913848876953,-0.4017820656299591,143.0,29.382450103759766,30.377517700195312,-1.160674810409546,150.0,0.01837921142578125,0.4839957058429718,1.0,0.0,0.0,7.91204309463501
2.795654234,29.382450103759766,30.426294326782227,-0.5450977087020874,142.0,29.382450103759766,30.267831802368164,-1.0886545181274414,150.0,-0.1584625244140625,0.4839957058429718,1.0,0.0,0.0,7.91204309463501
2.838076645,29.382450103759766,30.47817611694336,-0.6415854692459106,142.0,29.382450103759766,30.43465805053711,-1.3209408521652222,149.0,-0.04351806640625,0.4839957058429718,1.0,0.0,0.0,7.905397415161133
2.859705454,29.382450103759766,30.35568618774414,-0.5043299198150635,142.0,29.382450103759766,30.32740020751953,-1.2016808986663818,150.0,-0.028285980224609375,0.4839957058429718,1.0,0.0,0.0,7.905397415161133
2.990575177,29.382450103759766,30.27606773376465,-0.41772395372390747,143.0,29.382450103759766,30.482040405273438,-1.398245096206665,149.0,0.20597267150878906,0.4839957058429718,1.0,0.0,0.0,7.905397415161133
3.031057588,29.382450103759766,30.419031143188477,-0.6644687652587891,142.0,29.382450103759766,30.555789947509766,-1.556808352470398,149.0,0.13675880432128906,0.4839957058429718,1.0,0.0,0.0,7.905397415161133
3.05079969,29.382450103759766,30.54159927368164,-0.8231420516967773,142.0,29.382450103759766,30.6304931640625,-1.6589326858520508,149.0,0.08889389038085938,0.4839957058429718,1.0,0.0,0.0,7.905397415161133
3.090943701,29.382450103759766,30.5272216796875,-0.8274812698364258,142.0,29.382450103759766,30.340421676635742,-1.3311489820480347,149.0,-0.1868000030517578,0.4839957058429718,1.0,0.0,0.0,7.905397415161133
3.21639765,29.382450103759766,30.50347900390625,-0.8634069561958313,142.0,29.382450103759766,30.489391326904297,-1.5711219310760498,149.0,-0.014087677001953125,0.4839957058429718,1.0,0.0,0.0,7.905397415161133
3.243138712,29.382450103759766,30.432592391967773,-0.8009848594665527,142.0,29.382450103759766,30.505165100097656,-1.611082911491394,149.0,0.07257270812988281,0.4839957058429718,1.0,0.0,0.0,7.905397415161133
3.263129159,29.382450103759766,30.5504150390625,-0.954051673412323,142.0,29.382450103759766,30.373228073120117,-1.4626662731170654,149.0,-0.1771869659423828,0.4839957058429718,1.0,0.0,0.0,7.905397415161133
3.285136977,29.382450103759766,30.626998901367188,-1.0583977699279785,142.0,29.382450103759766,30.511829376220703,-1.6402816772460938,149.0,-0.11516952514648438,0.4839957058429718,1.0,0.0,0.0,7.905397415161133
3.432387091,29.382450103759766,30.42670249938965,-0.8718701004981995,142.0,29.382450103759766,30.491867065429688,-1.6668058633804321,149.0,0.06516456604003906,0.4839957058429718,1.0,0.0,0.0,7.911652565002441
3.469550662,29.382450103759766,30.388935089111328,-0.8699012994766235,142.0,29.382450103759766,30.33895492553711,-1.5223915576934814,149.0,-0.04998016357421875,0.4839957058429718,1.0,0.0,0.0,7.911652565002441
3.496928485,29.382450103759766,30.522037506103516,-1.0410200357437134,142.0,29.382450103759766,30.26519203186035,-1.4427034854888916,149.0,-0.25684547424316406,0.4839957058429718,1.0,0.0,0.0,7.911652565002441
3.521733716,29.382450103759766,30.294597625732422,-0.7872310876846313,142.0,29.382450103759766,30.3319149017334,-1.5428571701049805,149.0,0.03731727600097656,0.4839957058429718,1.0,0.0,0.0,7.911652565002441
3.663606946,29.382450103759766,30.33916473388672,-0.9113175868988037,142.0,29.382450103759766,30.48113250732422,-1.7969908714294434,149.0,0.1419677734375,0.4839957058429718,1.0,0.0,0.0,7.911652565002441
3.693268406,29.382450103759766,30.265329360961914,-0.8315439224243164,142.0,29.382450103759766,30.581966400146484,-1.9299867153167725,149.0,0.3166370391845703,0.4839957058429718,1.0,0.0,0.0,7.911652565002441
3.724512639,29.382450103759766,30.331972122192383,-0.9316028952598572,142.0,29.382450103759766,30.690109252929688,-2.0854854583740234,149.0,0.3581371307373047,0.4839957058429718,1.0,0.0,0.0,7.911652565002441
3.748622356,0.0,30.709369659423828,0.0,0.0,0.0,30.94215965270996,0.0,0.0,0.0,0.0,0.0,0.0,0.0,7.911652565002441
3.885349233,0.0,9.222784996032715,0.0,0.0,0.0,8.828422546386719,0.0,0.0,0.0,0.0,0.0,0.0,0.0,7.911652565002441
3.90656328,0.0,6.2191691398620605,0.0,0.0,0.0,5.962833404541016,0.0,0.0,0.0,0.0,0.0,0.0,0.0,7.911652565002441
3.948153393,0.0,2.1115732192993164,0.0,0.0,0.0,2.149104595184326,0.0,0.0,0.0,0.0,0.0,0.0,0.0,7.922013282775879
3.966470288,0.0,1.3725225925445557,0.0,0.0,0.0,1.3969179391860962,0.0,0.0,0.0,0.0,0.0,0.0,0.0,7.922013282775879
4.091275686,0.0,0.8921396732330322,0.0,0.0,0.0,0.907996654510498,0.0,0.0,0.0,0.0,0.0,0.0,0.0,7.922013282775879
4.115578669,0.0,0.06728416681289673,0.0,0.0,0.0,0.06848008185625076,0.0,0.0,0.0,0.0,0.0,0.0,0.0,7.922013282775879
4.138332235,0.0,0.02842755801975727,0.0,0.0,0.0,0.028932832181453705,0.0,0.0,0.0,0.0,0.0,0.0,0.0,7.922013282775879
4.168585608,0.0,0.01847791112959385,0.0,0.0,0.0,0.01880634017288685,0.0,0.0,0.0,0.0,0.0,0.0,0.0,7.922013282775879
4.187201676,0.0,0.012010641396045685,0.0,0.0,0.0,0.012224121019244194,0.0,0.0,0.0,0.0,0.0,0.0,0.0,7.922013282775879
4.230523602,0.0,0.00780691672116518,0.0,0.0,0.0,0.007945678196847439,0.0,0.0,0.0,0.0,0.0,0.0,0.0,7.922013282775879
4.330852999,0.0,0.0005887889419682324,0.0,0.0,0.0,0.0005992540973238647,0.0,0.0,0.0,0.0,0.0,0.0,0.0,7.922013282775879
4.36660951,0.0,0.00024876330280676484,0.0,0.0,0.0,0.0002531848440412432,0.0,0.0,0.0,0.0,0.0,0.0,0.0,7.922013282775879
4.401060579,0.0,0.00010510248830541968,0.0,0.0,0.0,0.00010697059042286128,0.0,0.0,0.0,0.0,0.0,0.0,0.0,7.920057773590088
4.530965709,0.0,1.2194940609333571e-05,0.0,0.0,0.0,1.2411695934133604e-05,0.0,0.0,0.0,0.0,0.0,0.0,0.0,7.920057773590088
4.565114933,0.0,3.3490352961962344e-06,0.0,0.0,0.0,3.408561497053597e-06,0.0,0.0,0.0,0.0,0.0,0.0,0.0,7.920057773590088
4.584913171,0.0,2.1768728402093984e-06,0.0,0.0,0.0,2.2155647911858978e-06,0.0,0.0,0.0,0.0,0.0,0.0,0.0,7.920057773590088
4.606332154,0.0,1.4149673006613739e-06,0.0,0.0,0.0,1.4401171029021498e-06,0.0,0.0,0.0,0.0,0.0,0.0,0.0,7.920057773590088
4.708778452,0.0,5.978236572445894e-07,0.0,0.0,0.0,6.084494543756591e-07,0.0,0.0,0.0,0.0,0.0,0.0,0.0,7.920057773590088
